chain_id;roundIndex;contract_name;fromAddress;gas_price_ini;gas_price_end;balance_ini;balance_end;block_size_ini;block_size_end;nro_trans_block_ini;nro_trans_block_end;gas_limit_ini;gas_limit_end;nro_trans_affected;mem_start;mem_End;cpu_usage
31337;100;HotelRoomOrig;0xf39Fd6e51aad88F6F4ce6aB8827279cffFb92266;1773876221;1773876221;9999997878257500000000;9999981218513519327532;5681;91149;1;114;30000000;30000000;113;1010.09;1033.17;38.4
31337;99;HotelRoomOrig;0xf39Fd6e51aad88F6F4ce6aB8827279cffFb92266;1773876221;1773876221;9999997878257500000000;9999979420356480614484;5681;115351;1;146;30000000;30000000;145;1004.01;1018.71;39.22
31337;98;HotelRoomOrig;0xf39Fd6e51aad88F6F4ce6aB8827279cffFb92266;1773876221;1773876221;9999997878257500000000;9999976707954280855362;5681;153957;1;197;30000000;30000000;196;1007.26;1029.74;41.37
31337;97;HotelRoomOrig;0xf39Fd6e51aad88F6F4ce6aB8827279cffFb92266;1773876221;1773876221;9999997878257500000000;9999980164937476626792;5681;104753;1;132;30000000;30000000;131;1002.95;1023.09;40.1
31337;96;HotelRoomOrig;0xf39Fd6e51aad88F6F4ce6aB8827279cffFb92266;1773876221;1773876221;9999997878257500000000;9999975963373284843054;5681;164554;1;211;30000000;30000000;210;1013.67;1037.17;38.52
31337;95;HotelRoomOrig;0xf39Fd6e51aad88F6F4ce6aB8827279cffFb92266;1773876221;1773876221;9999997878257500000000;9999977505719633725692;5681;142602;1;182;30000000;30000000;181;1022.79;1032.55;41.39
31337;94;HotelRoomOrig;0xf39Fd6e51aad88F6F4ce6aB8827279cffFb92266;1773876221;1773876221;9999997878257500000000;9999976761138637713384;5681;153200;1;196;30000000;30000000;195;1009.56;1029.86;39.34
31337;93;HotelRoomOrig;0xf39Fd6e51aad88F6F4ce6aB8827279cffFb92266;1773876221;1773876221;9999997878257500000000;9999982866217472480244;5681;69953;1;86;30000000;30000000;85;999.83;1015.78;39.49
31337;92;HotelRoomOrig;0xf39Fd6e51aad88F6F4ce6aB8827279cffFb92266;1773876221;1773876221;9999997878257500000000;9999979473540837472506;5681;114594;1;145;30000000;30000000;144;1013.51;1030.16;40.46
31337;91;HotelRoomOrig;0xf39Fd6e51aad88F6F4ce6aB8827279cffFb92266;1773876221;1773876221;9999997878257500000000;9999978356669343454044;5681;130491;1;166;30000000;30000000;165;1011.27;1020.77;39.59
31337;90;HotelRoomOrig;0xf39Fd6e51aad88F6F4ce6aB8827279cffFb92266;1773876221;1773876221;9999997878257500000000;9999984396228286122048;5681;50259;1;60;30000000;30000000;59;1016.66;1031.39;34.94
31337;89;HotelRoomOrig;0xf39Fd6e51aad88F6F4ce6aB8827279cffFb92266;1773876221;1773876221;9999997878257500000000;9999984396228286122048;5681;50259;1;60;30000000;30000000;59;1001.48;1019.16;32.58
31337;88;HotelRoomOrig;0xf39Fd6e51aad88F6F4ce6aB8827279cffFb92266;1773876221;1773876221;9999997878257500000000;9999976867507351429428;5681;151686;1;194;30000000;30000000;193;1000.08;1023.85;39.85
31337;87;HotelRoomOrig;0xf39Fd6e51aad88F6F4ce6aB8827279cffFb92266;1773876221;1773876221;9999997878257500000000;9999978463038057170088;5681;128977;1;164;30000000;30000000;163;1005.86;1020.52;39.8
31337;86;HotelRoomOrig;0xf39Fd6e51aad88F6F4ce6aB8827279cffFb92266;1773876221;1773876221;9999997878257500000000;9999975910188927985032;5681;165311;1;212;30000000;30000000;211;1006.73;1032.68;37.08
31337;85;HotelRoomOrig;0xf39Fd6e51aad88F6F4ce6aB8827279cffFb92266;1773876221;1773876221;9999997878257500000000;9999981689286077371164;5681;85093;1;106;30000000;30000000;105;1004.95;1022.39;40.41
31337;84;HotelRoomOrig;0xf39Fd6e51aad88F6F4ce6aB8827279cffFb92266;1773876221;1773876221;9999997878257500000000;9999981924672356392980;5681;82065;1;102;30000000;30000000;101;1006.78;1019.52;39.54
31337;83;HotelRoomOrig;0xf39Fd6e51aad88F6F4ce6aB8827279cffFb92266;1773876221;1773876221;9999997878257500000000;9999977133429135719538;5681;147901;1;189;30000000;30000000;188;1021.59;1039.36;38.87
31337;82;HotelRoomOrig;0xf39Fd6e51aad88F6F4ce6aB8827279cffFb92266;1773876221;1773876221;9999997878257500000000;9999977665272704299758;5681;140331;1;179;30000000;30000000;178;1004.54;1024.37;36.76
31337;81;HotelRoomOrig;0xf39Fd6e51aad88F6F4ce6aB8827279cffFb92266;1773876221;1773876221;9999997878257500000000;9999984690461134899318;5681;46469;1;55;30000000;30000000;54;997.97;1012.22;29.41
31337;80;HotelRoomOrig;0xf39Fd6e51aad88F6F4ce6aB8827279cffFb92266;1773876221;1773876221;9999997878257500000000;9999978994881625750308;5681;121407;1;154;30000000;30000000;153;1009.48;1026.24;38.17
31337;79;HotelRoomOrig;0xf39Fd6e51aad88F6F4ce6aB8827279cffFb92266;1773876221;1773876221;9999997878257500000000;9999978941697268892286;5681;122164;1;155;30000000;30000000;154;1003.15;1026.68;38.58
31337;78;HotelRoomOrig;0xf39Fd6e51aad88F6F4ce6aB8827279cffFb92266;1773876221;1773876221;9999997878257500000000;9999975910188927985032;5681;165311;1;212;30000000;30000000;211;1023.4;1041.2;39.23
31337;77;HotelRoomOrig;0xf39Fd6e51aad88F6F4ce6aB8827279cffFb92266;1773876221;1773876221;9999997878257500000000;9999976867507351429428;5681;151686;1;194;30000000;30000000;193;1012.16;1030.25;39.03
31337;76;HotelRoomOrig;0xf39Fd6e51aad88F6F4ce6aB8827279cffFb92266;1773876221;1773876221;9999997878257500000000;9999978356669343454044;5681;130491;1;166;30000000;30000000;165;1004.4;1018.08;39.13
31337;75;HotelRoomOrig;0xf39Fd6e51aad88F6F4ce6aB8827279cffFb92266;1773876221;1773876221;9999997878257500000000;9999979420356480614484;5681;115351;1;146;30000000;30000000;145;999.08;1017.96;39.8
31337;74;HotelRoomOrig;0xf39Fd6e51aad88F6F4ce6aB8827279cffFb92266;1773876221;1773876221;9999997878257500000000;9999980983127240305716;5681;94173;1;118;30000000;30000000;117;1006.66;1024.8;38.99
31337;73;HotelRoomOrig;0xf39Fd6e51aad88F6F4ce6aB8827279cffFb92266;1773876221;1773876221;9999997878257500000000;9999978250300629738000;5681;132005;1;168;30000000;30000000;167;1009.6;1033.57;39.43
31337;72;HotelRoomOrig;0xf39Fd6e51aad88F6F4ce6aB8827279cffFb92266;1773876221;1773876221;9999997878257500000000;9999978622591127744154;5681;126706;1;161;30000000;30000000;160;1010.67;1029.52;39.95
31337;71;HotelRoomOrig;0xf39Fd6e51aad88F6F4ce6aB8827279cffFb92266;1773876221;1773876221;9999997878257500000000;9999985102387123187496;5681;41163;1;48;30000000;30000000;47;1013.23;1023.29;31.39
31337;70;HotelRoomOrig;0xf39Fd6e51aad88F6F4ce6aB8827279cffFb92266;1773876221;1773876221;9999997878257500000000;9999983925455728078416;5681;56323;1;68;30000000;30000000;67;998.29;1007.61;34.84
31337;69;HotelRoomOrig;0xf39Fd6e51aad88F6F4ce6aB8827279cffFb92266;1773876221;1773876221;9999997878257500000000;9999983395836600279330;5681;63140;1;77;30000000;30000000;76;1006.96;1009.62;37.15
31337;68;HotelRoomOrig;0xf39Fd6e51aad88F6F4ce6aB8827279cffFb92266;1773876221;1773876221;9999997878257500000000;9999979579909551188550;5681;113080;1;143;30000000;30000000;142;1006.23;1017.96;39.85
31337;67;HotelRoomOrig;0xf39Fd6e51aad88F6F4ce6aB8827279cffFb92266;1773876221;1773876221;9999997878257500000000;9999982513138053947520;5681;74495;1;92;30000000;30000000;91;995.94;1010.91;38.6
31337;66;HotelRoomOrig;0xf39Fd6e51aad88F6F4ce6aB8827279cffFb92266;1773876221;1773876221;9999997878257500000000;9999977080244778861516;5681;148658;1;190;30000000;30000000;189;1006.46;1018.64;40.21
31337;65;HotelRoomOrig;0xf39Fd6e51aad88F6F4ce6aB8827279cffFb92266;1773876221;1773876221;9999997878257500000000;9999976973876065145472;5681;150172;1;192;30000000;30000000;191;1003.47;1017.65;38.83
31337;64;HotelRoomOrig;0xf39Fd6e51aad88F6F4ce6aB8827279cffFb92266;1773876221;1773876221;9999997878257500000000;9999984455074855877502;5681;49501;1;59;30000000;30000000;58;1011.01;1017.38;34.02
31337;63;HotelRoomOrig;0xf39Fd6e51aad88F6F4ce6aB8827279cffFb92266;1773876221;1773876221;9999997878257500000000;9999984043148867589324;5681;54807;1;66;30000000;30000000;65;999.57;1014.31;35.48
31337;62;HotelRoomOrig;0xf39Fd6e51aad88F6F4ce6aB8827279cffFb92266;1773876221;1773876221;9999997878257500000000;9999982689677763213882;5681;72224;1;89;30000000;30000000;88;996.01;1010.24;40.82
31337;61;HotelRoomOrig;0xf39Fd6e51aad88F6F4ce6aB8827279cffFb92266;1773876221;1773876221;9999997878257500000000;9999981865825786637526;5681;82822;1;103;30000000;30000000;102;1009.96;1030.08;39.53
31337;60;HotelRoomOrig;0xf39Fd6e51aad88F6F4ce6aB8827279cffFb92266;1773876221;1773876221;9999997878257500000000;9999984101995437344778;5681;54049;1;65;30000000;30000000;64;1006.11;1017.9;35.97
31337;59;HotelRoomOrig;0xf39Fd6e51aad88F6F4ce6aB8827279cffFb92266;1773876221;1773876221;9999997878257500000000;9999980276968403240268;5681;103239;1;130;30000000;30000000;129;1005.42;1022.34;38.99
31337;58;HotelRoomOrig;0xf39Fd6e51aad88F6F4ce6aB8827279cffFb92266;1773876221;1773876221;9999997878257500000000;9999977080244778861516;5681;148658;1;190;30000000;30000000;189;1001.56;1026.82;38.4
31337;57;HotelRoomOrig;0xf39Fd6e51aad88F6F4ce6aB8827279cffFb92266;1773876221;1773876221;9999997878257500000000;9999979154434696324374;5681;119136;1;151;30000000;30000000;150;1011.64;1021.88;38.6
31337;56;HotelRoomOrig;0xf39Fd6e51aad88F6F4ce6aB8827279cffFb92266;1773876221;1773876221;9999997878257500000000;9999980164937476626792;5681;104753;1;132;30000000;30000000;131;1003.41;1016.89;39.03
31337;55;HotelRoomOrig;0xf39Fd6e51aad88F6F4ce6aB8827279cffFb92266;1773876221;1773876221;9999997878257500000000;9999978994881625750308;5681;121407;1;154;30000000;30000000;153;1009.59;1031.44;40.41
31337;54;HotelRoomOrig;0xf39Fd6e51aad88F6F4ce6aB8827279cffFb92266;1773876221;1773876221;9999997878257500000000;9999981924672356392980;5681;82065;1;102;30000000;30000000;101;998.54;1013.25;37.73
31337;53;HotelRoomOrig;0xf39Fd6e51aad88F6F4ce6aB8827279cffFb92266;1773876221;1773876221;9999997878257500000000;9999985690852820742036;5681;33583;1;38;30000000;30000000;37;990.27;1004.77;24.43
31337;52;HotelRoomOrig;0xf39Fd6e51aad88F6F4ce6aB8827279cffFb92266;1773876221;1773876221;9999997878257500000000;9999981395053228593894;5681;88878;1;111;30000000;30000000;110;1001.21;1017.64;39.54
31337;51;HotelRoomOrig;0xf39Fd6e51aad88F6F4ce6aB8827279cffFb92266;1773876221;1773876221;9999997878257500000000;9999978728959841460198;5681;125192;1;159;30000000;30000000;158;1008.73;1042.25;38.6
31337;50;HotelRoomOrig;0xf39Fd6e51aad88F6F4ce6aB8827279cffFb92266;1773876221;1773876221;9999997878257500000000;9999982630831193458428;5681;72981;1;90;30000000;30000000;89;1004.17;1018.66;39.95
31337;49;HotelRoomOrig;0xf39Fd6e51aad88F6F4ce6aB8827279cffFb92266;1773876221;1773876221;9999997878257500000000;9999984572767995388410;5681;47983;1;57;30000000;30000000;56;1002.27;1017.27;29.01
31337;48;HotelRoomOrig;0xf39Fd6e51aad88F6F4ce6aB8827279cffFb92266;1773876221;1773876221;9999997878257500000000;9999980512354682262084;5681;100214;1;126;30000000;30000000;125;1001.03;1014.01;39.53
31337;47;HotelRoomOrig;0xf39Fd6e51aad88F6F4ce6aB8827279cffFb92266;1773876221;1773876221;9999997878257500000000;9999979367172123756462;5681;116108;1;147;30000000;30000000;146;1010.66;1028.71;45.05
31337;46;HotelRoomOrig;0xf39Fd6e51aad88F6F4ce6aB8827279cffFb92266;1773876221;1773876221;9999997878257500000000;9999985220080262698404;5681;39647;1;46;30000000;30000000;45;1011.42;1022.71;26.52
31337;45;HotelRoomOrig;0xf39Fd6e51aad88F6F4ce6aB8827279cffFb92266;1773876221;1773876221;9999997878257500000000;9999981865825786637526;5681;82822;1;103;30000000;30000000;102;1012.69;1025.2;37.6
31337;44;HotelRoomOrig;0xf39Fd6e51aad88F6F4ce6aB8827279cffFb92266;1773876221;1773876221;9999997878257500000000;9999982218905205170250;5681;78280;1;97;30000000;30000000;96;1011.06;1024.55;39.29
31337;43;HotelRoomOrig;0xf39Fd6e51aad88F6F4ce6aB8827279cffFb92266;1773876221;1773876221;9999997878257500000000;9999979260803410040418;5681;117622;1;149;30000000;30000000;148;997.89;1021.91;38.08
31337;42;HotelRoomOrig;0xf39Fd6e51aad88F6F4ce6aB8827279cffFb92266;1773876221;1773876221;9999997878257500000000;9999983042757181746606;5681;67682;1;83;30000000;30000000;82;1016.12;1032.32;39.65
31337;41;HotelRoomOrig;0xf39Fd6e51aad88F6F4ce6aB8827279cffFb92266;1773876221;1773876221;9999997878257500000000;9999979899015692336682;5681;108538;1;137;30000000;30000000;136;1010.45;1026.13;40.57
31337;40;HotelRoomOrig;0xf39Fd6e51aad88F6F4ce6aB8827279cffFb92266;1773876221;1773876221;9999997878257500000000;9999984925847413921134;5681;43437;1;51;30000000;30000000;50;997.36;1009.4;28.07
31337;39;HotelRoomOrig;0xf39Fd6e51aad88F6F4ce6aB8827279cffFb92266;1773876221;1773876221;9999997878257500000000;9999976442032496565252;5681;157741;1;202;30000000;30000000;201;1003.09;1026.06;40.05
31337;38;HotelRoomOrig;0xf39Fd6e51aad88F6F4ce6aB8827279cffFb92266;1773876221;1773876221;9999997878257500000000;9999976707954280855362;5681;153957;1;197;30000000;30000000;196;1014.8;1027.22;39.85
31337;37;HotelRoomOrig;0xf39Fd6e51aad88F6F4ce6aB8827279cffFb92266;1773876221;1773876221;9999997878257500000000;9999980924280670550262;5681;94929;1;119;30000000;30000000;118;1013.05;1030.37;42.26
31337;36;HotelRoomOrig;0xf39Fd6e51aad88F6F4ce6aB8827279cffFb92266;1773876221;1773876221;9999997878257500000000;9999977346166563151626;5681;144873;1;185;30000000;30000000;184;1010.96;1035.7;40.66
31337;35;HotelRoomOrig;0xf39Fd6e51aad88F6F4ce6aB8827279cffFb92266;1773876221;1773876221;9999997878257500000000;9999982277751774925704;5681;77523;1;96;30000000;30000000;95;1008.36;1019.39;39.85
31337;34;HotelRoomOrig;0xf39Fd6e51aad88F6F4ce6aB8827279cffFb92266;1773876221;1773876221;9999997878257500000000;9999977399350920009648;5681;144116;1;184;30000000;30000000;183;998.35;1024.57;39.44
31337;33;HotelRoomOrig;0xf39Fd6e51aad88F6F4ce6aB8827279cffFb92266;1773876221;1773876221;9999997878257500000000;9999984043148867589324;5681;54807;1;66;30000000;30000000;65;1017.78;1033.75;36.32
31337;32;HotelRoomOrig;0xf39Fd6e51aad88F6F4ce6aB8827279cffFb92266;1773876221;1773876221;9999997878257500000000;9999980394661542751176;5681;101724;1;128;30000000;30000000;127;1016.81;1030.77;38.17
31337;31;HotelRoomOrig;0xf39Fd6e51aad88F6F4ce6aB8827279cffFb92266;1773876221;1773876221;9999997878257500000000;9999985749699390497490;5681;32825;1;37;30000000;30000000;36;1003.46;1016.74;24.3
31337;30;HotelRoomOrig;0xf39Fd6e51aad88F6F4ce6aB8827279cffFb92266;1773876221;1773876221;9999997878257500000000;9999981453899798349348;5681;88121;1;110;30000000;30000000;109;1008.73;1024.91;39.07
31337;29;HotelRoomOrig;0xf39Fd6e51aad88F6F4ce6aB8827279cffFb92266;1773876221;1773876221;9999997878257500000000;9999976069741998559098;5681;163040;1;209;30000000;30000000;208;1010.99;1029.57;40.05
31337;28;HotelRoomOrig;0xf39Fd6e51aad88F6F4ce6aB8827279cffFb92266;1773876221;1773876221;9999997878257500000000;9999980924280670550262;5681;94929;1;119;30000000;30000000;118;1006.4;1031.44;38.24
31337;27;HotelRoomOrig;0xf39Fd6e51aad88F6F4ce6aB8827279cffFb92266;1773876221;1773876221;9999997878257500000000;9999978835328555176242;5681;123678;1;157;30000000;30000000;156;997.95;1014.6;37.82
31337;26;HotelRoomOrig;0xf39Fd6e51aad88F6F4ce6aB8827279cffFb92266;1773876221;1773876221;9999997878257500000000;9999983278143460768422;5681;64654;1;79;30000000;30000000;78;1014.11;1026.86;39.38
31337;25;HotelRoomOrig;0xf39Fd6e51aad88F6F4ce6aB8827279cffFb92266;1773876221;1773876221;9999997878257500000000;9999983219296891012968;5681;65411;1;80;30000000;30000000;79;1004.8;1022.73;39.49
31337;24;HotelRoomOrig;0xf39Fd6e51aad88F6F4ce6aB8827279cffFb92266;1773876221;1773876221;9999997878257500000000;9999985337773402209312;5681;38131;1;44;30000000;30000000;43;995.66;1011.64;23.92
31337;23;HotelRoomOrig;0xf39Fd6e51aad88F6F4ce6aB8827279cffFb92266;1773876221;1773876221;9999997878257500000000;9999980164937476626792;5681;104753;1;132;30000000;30000000;131;1013.92;1029.84;40.05
31337;22;HotelRoomOrig;0xf39Fd6e51aad88F6F4ce6aB8827279cffFb92266;1773876221;1773876221;9999997878257500000000;9999980924280670550262;5681;94929;1;119;30000000;30000000;118;1010.94;1022.69;38.58
31337;21;HotelRoomOrig;0xf39Fd6e51aad88F6F4ce6aB8827279cffFb92266;1773876221;1773876221;9999997878257500000000;9999982277751774925704;5681;77523;1;96;30000000;30000000;95;1011.62;1027.57;38.5
31337;20;HotelRoomOrig;0xf39Fd6e51aad88F6F4ce6aB8827279cffFb92266;1773876221;1773876221;9999997878257500000000;9999980394661542751176;5681;101724;1;128;30000000;30000000;127;993.5;1011.15;39.03
31337;19;HotelRoomOrig;0xf39Fd6e51aad88F6F4ce6aB8827279cffFb92266;1773876221;1773876221;9999997878257500000000;9999977984378845447890;5681;135789;1;173;30000000;30000000;172;1005.24;1032.46;40.41
31337;18;HotelRoomOrig;0xf39Fd6e51aad88F6F4ce6aB8827279cffFb92266;1773876221;1773876221;9999997878257500000000;9999984631614565143864;5681;47227;1;56;30000000;30000000;55;1004.27;1017.03;29.52
31337;17;HotelRoomOrig;0xf39Fd6e51aad88F6F4ce6aB8827279cffFb92266;1773876221;1773876221;9999997878257500000000;9999977239797849435582;5681;146387;1;187;30000000;30000000;186;1003.21;1027.13;40.67
31337;16;HotelRoomOrig;0xf39Fd6e51aad88F6F4ce6aB8827279cffFb92266;1773876221;1773876221;9999997878257500000000;9999980453508112506630;5681;100969;1;127;30000000;30000000;126;998.46;1012.19;39.43
31337;15;HotelRoomOrig;0xf39Fd6e51aad88F6F4ce6aB8827279cffFb92266;1773876221;1773876221;9999997878257500000000;9999977718457061157780;5681;139574;1;178;30000000;30000000;177;1003.26;1020.87;37.89
31337;14;HotelRoomOrig;0xf39Fd6e51aad88F6F4ce6aB8827279cffFb92266;1773876221;1773876221;9999997878257500000000;9999984101995437344778;5681;54049;1;65;30000000;30000000;64;991.28;1001.33;35.04
31337;13;HotelRoomOrig;0xf39Fd6e51aad88F6F4ce6aB8827279cffFb92266;1773876221;1773876221;9999997878257500000000;9999976548401210281296;5681;156227;1;200;30000000;30000000;199;1009.13;1029.38;37.89
31337;12;HotelRoomOrig;0xf39Fd6e51aad88F6F4ce6aB8827279cffFb92266;1773876221;1773876221;9999997878257500000000;9999985690852820742036;5681;33583;1;38;30000000;30000000;37;999.38;1011.17;24.74
31337;11;HotelRoomOrig;0xf39Fd6e51aad88F6F4ce6aB8827279cffFb92266;1773876221;1773876221;9999997878257500000000;9999979367172123756462;5681;116108;1;147;30000000;30000000;146;1004.93;1017.41;36.64
31337;10;HotelRoomOrig;0xf39Fd6e51aad88F6F4ce6aB8827279cffFb92266;1773876221;1773876221;9999997878257500000000;9999976495216853423274;5681;156984;1;201;30000000;30000000;200;996.2;1027.08;38.3
31337;9;HotelRoomOrig;0xf39Fd6e51aad88F6F4ce6aB8827279cffFb92266;1773876221;1773876221;9999997878257500000000;9999984101995437344778;5681;54049;1;65;30000000;30000000;64;1005.85;1014.68;36.29
31337;8;HotelRoomOrig;0xf39Fd6e51aad88F6F4ce6aB8827279cffFb92266;1773876221;1773876221;9999997878257500000000;9999983101603751502060;5681;66925;1;82;30000000;30000000;81;998.75;1015.93;38.93
31337;7;HotelRoomOrig;0xf39Fd6e51aad88F6F4ce6aB8827279cffFb92266;1773876221;1773876221;9999997878257500000000;9999984984693983676588;5681;42679;1;50;30000000;30000000;49;1001.04;1008.41;30.03
31337;6;HotelRoomOrig;0xf39Fd6e51aad88F6F4ce6aB8827279cffFb92266;1773876221;1773876221;9999997878257500000000;9999983748916018812054;5681;58597;1;71;30000000;30000000;70;1015.48;1027.25;35.48
31337;5;HotelRoomOrig;0xf39Fd6e51aad88F6F4ce6aB8827279cffFb92266;1773876221;1773876221;9999997878257500000000;9999979420356480614484;5681;115351;1;146;30000000;30000000;145;1008.79;1028.15;38.17
31337;4;HotelRoomOrig;0xf39Fd6e51aad88F6F4ce6aB8827279cffFb92266;1773876221;1773876221;9999997878257500000000;9999982689677763213882;5681;72224;1;89;30000000;30000000;88;1000.05;1016.5;39.9
31337;3;HotelRoomOrig;0xf39Fd6e51aad88F6F4ce6aB8827279cffFb92266;1773876221;1773876221;9999997878257500000000;9999984101995437344778;5681;54049;1;65;30000000;30000000;64;1006.64;1019.67;35.05
31337;2;HotelRoomOrig;0xf39Fd6e51aad88F6F4ce6aB8827279cffFb92266;1773876221;1773876221;9999997878257500000000;9999976707954280855362;5681;153957;1;197;30000000;30000000;196;1022.36;1040.23;40.36
31337;1;HotelRoomOrig;0xf39Fd6e51aad88F6F4ce6aB8827279cffFb92266;1773876221;1773876221;9999997878257500000000;9999979792646978620638;5681;110052;1;139;30000000;30000000;138;995.9;1015.27;39.39
31337;100;HotelRoomBug;0x70997970C51812dc3A010C7d01b50e0d17dc79C8;1772422708;1772422708;9999998252018125000000;9999981639055837689296;4750;90216;1;114;30000000;30000000;113;1000.25;1019.15;40.92
31337;99;HotelRoomBug;0x70997970C51812dc3A010C7d01b50e0d17dc79C8;1772422708;1772422708;9999998252018125000000;9999979852375761426144;4750;114416;1;146;30000000;30000000;145;1004.89;1037.67;41.18
31337;98;HotelRoomBug;0x70997970C51812dc3A010C7d01b50e0d17dc79C8;1772422708;1772422708;9999998252018125000000;9999977154489626134776;4750;153024;1;197;30000000;30000000;196;1010.29;1024.45;39.19
31337;97;HotelRoomBug;0x70997970C51812dc3A010C7d01b50e0d17dc79C8;1772422708;1772422708;9999998252018125000000;9999980592971955427696;4750;103820;1;132;30000000;30000000;131;1006.2;1018.92;40.72
31337;96;HotelRoomBug;0x70997970C51812dc3A010C7d01b50e0d17dc79C8;1772422708;1772422708;9999998252018125000000;9999976413893432133224;4750;163622;1;211;30000000;30000000;210;1000.43;1020.71;40.31
31337;95;HotelRoomBug;0x70997970C51812dc3A010C7d01b50e0d17dc79C8;1772422708;1772422708;9999998252018125000000;9999977947985548279296;4750;141669;1;182;30000000;30000000;181;1011.33;1031.65;41.09
31337;94;HotelRoomBug;0x70997970C51812dc3A010C7d01b50e0d17dc79C8;1772422708;1772422708;9999998252018125000000;9999977207389354277744;4750;152267;1;196;30000000;30000000;195;997.92;1023.4;40.71
31337;93;HotelRoomBug;0x70997970C51812dc3A010C7d01b50e0d17dc79C8;1772422708;1772422708;9999998252018125000000;9999983274888562119984;4750;69020;1;86;30000000;30000000;85;1010.98;1032.09;38.73
31337;92;HotelRoomBug;0x70997970C51812dc3A010C7d01b50e0d17dc79C8;1772422708;1772422708;9999998252018125000000;9999979905275489569112;4750;113661;1;145;30000000;30000000;144;1006.17;1031.19;39.54
31337;91;HotelRoomBug;0x70997970C51812dc3A010C7d01b50e0d17dc79C8;1772422708;1772422708;9999998252018125000000;9999978794381198566784;4750;129557;1;166;30000000;30000000;165;1003.43;1010.96;39.43
31337;90;HotelRoomBug;0x70997970C51812dc3A010C7d01b50e0d17dc79C8;1772422708;1772422708;9999998252018125000000;9999984793876091948480;4750;49326;1;60;30000000;30000000;59;1007.81;1022.31;33.94
31337;89;HotelRoomBug;0x70997970C51812dc3A010C7d01b50e0d17dc79C8;1772422708;1772422708;9999998252018125000000;9999984793876091948480;4750;49326;1;60;30000000;30000000;59;1018.57;1033.32;34.36
31337;88;HotelRoomBug;0x70997970C51812dc3A010C7d01b50e0d17dc79C8;1772422708;1772422708;9999998252018125000000;9999977313188810563680;4750;150751;1;194;30000000;30000000;193;1001.18;1025.92;40
31337;87;HotelRoomBug;0x70997970C51812dc3A010C7d01b50e0d17dc79C8;1772422708;1772422708;9999998252018125000000;9999978900180654852720;4750;128041;1;164;30000000;30000000;163;1005.72;1022.12;42.13
31337;86;HotelRoomBug;0x70997970C51812dc3A010C7d01b50e0d17dc79C8;1772422708;1772422708;9999998252018125000000;9999976360993703990256;4750;164377;1;212;30000000;30000000;211;1014.23;1037.24;39.19
31337;85;HotelRoomBug;0x70997970C51812dc3A010C7d01b50e0d17dc79C8;1772422708;1772422708;9999998252018125000000;9999982106436616098064;4750;84160;1;106;30000000;30000000;105;1005.61;1022.28;39.09
31337;84;HotelRoomBug;0x70997970C51812dc3A010C7d01b50e0d17dc79C8;1772422708;1772422708;9999998252018125000000;9999982340127005302448;4750;81132;1;102;30000000;30000000;101;997.79;1009.81;40.76
31337;83;HotelRoomBug;0x70997970C51812dc3A010C7d01b50e0d17dc79C8;1772422708;1772422708;9999998252018125000000;9999977577687451278520;4750;146968;1;189;30000000;30000000;188;1012.32;1021.53;40.41
31337;82;HotelRoomBug;0x70997970C51812dc3A010C7d01b50e0d17dc79C8;1772422708;1772422708;9999998252018125000000;9999978106684732708200;4750;139398;1;179;30000000;30000000;178;1008.02;1030.07;40.66
31337;81;HotelRoomBug;0x70997970C51812dc3A010C7d01b50e0d17dc79C8;1772422708;1772422708;9999998252018125000000;9999985085989078453960;4750;45537;1;55;30000000;30000000;54;1002.07;1014.35;27.91
31337;80;HotelRoomBug;0x70997970C51812dc3A010C7d01b50e0d17dc79C8;1772422708;1772422708;9999998252018125000000;9999979429177936282400;4750;120473;1;154;30000000;30000000;153;1004.96;1026.05;40.2
31337;79;HotelRoomBug;0x70997970C51812dc3A010C7d01b50e0d17dc79C8;1772422708;1772422708;9999998252018125000000;9999979376278208139432;4750;121230;1;155;30000000;30000000;154;1025.96;1039.16;37.6
31337;78;HotelRoomBug;0x70997970C51812dc3A010C7d01b50e0d17dc79C8;1772422708;1772422708;9999998252018125000000;9999976360993703990256;4750;164377;1;212;30000000;30000000;211;996;1026.62;40.93
31337;77;HotelRoomBug;0x70997970C51812dc3A010C7d01b50e0d17dc79C8;1772422708;1772422708;9999998252018125000000;9999977313188810563680;4750;150751;1;194;30000000;30000000;193;1006.25;1023.11;39.49
31337;76;HotelRoomBug;0x70997970C51812dc3A010C7d01b50e0d17dc79C8;1772422708;1772422708;9999998252018125000000;9999978794381198566784;4750;129557;1;166;30000000;30000000;165;1000.2;1021.51;40.98
31337;75;HotelRoomBug;0x70997970C51812dc3A010C7d01b50e0d17dc79C8;1772422708;1772422708;9999998252018125000000;9999979852375761426144;4750;114416;1;146;30000000;30000000;145;1008.51;1027.86;39.8
31337;74;HotelRoomBug;0x70997970C51812dc3A010C7d01b50e0d17dc79C8;1772422708;1772422708;9999998252018125000000;9999981405365448484912;4750;93240;1;118;30000000;30000000;117;1012.58;1022.36;39.95
31337;73;HotelRoomBug;0x70997970C51812dc3A010C7d01b50e0d17dc79C8;1772422708;1772422708;9999998252018125000000;9999978688581742280848;4750;131071;1;168;30000000;30000000;167;1005.57;1021.23;38.76
31337;72;HotelRoomBug;0x70997970C51812dc3A010C7d01b50e0d17dc79C8;1772422708;1772422708;9999998252018125000000;9999979058879839281624;4750;125772;1;161;30000000;30000000;160;1003.49;1025.79;38.11
31337;71;HotelRoomBug;0x70997970C51812dc3A010C7d01b50e0d17dc79C8;1772422708;1772422708;9999998252018125000000;9999985494947259561632;4750;40231;1;48;30000000;30000000;47;1009.78;1025.02;26.74
31337;70;HotelRoomBug;0x70997970C51812dc3A010C7d01b50e0d17dc79C8;1772422708;1772422708;9999998252018125000000;9999984326495313539712;4750;55390;1;68;30000000;30000000;67;993.99;1008.5;36.6
31337;69;HotelRoomBug;0x70997970C51812dc3A010C7d01b50e0d17dc79C8;1772422708;1772422708;9999998252018125000000;9999983800691937829848;4750;62207;1;77;30000000;30000000;76;1010.32;1016.69;35.99
31337;68;HotelRoomBug;0x70997970C51812dc3A010C7d01b50e0d17dc79C8;1772422708;1772422708;9999998252018125000000;9999980011074945855048;4750;112147;1;143;30000000;30000000;142;1014.97;1031.15;39.28
31337;67;HotelRoomBug;0x70997970C51812dc3A010C7d01b50e0d17dc79C8;1772422708;1772422708;9999998252018125000000;9999982924352978313408;4750;73562;1;92;30000000;30000000;91;1019.78;1030.31;40.41
31337;66;HotelRoomBug;0x70997970C51812dc3A010C7d01b50e0d17dc79C8;1772422708;1772422708;9999998252018125000000;9999977524787723135552;4750;147725;1;190;30000000;30000000;189;1027.68;1040.62;41.45
31337;65;HotelRoomBug;0x70997970C51812dc3A010C7d01b50e0d17dc79C8;1772422708;1772422708;9999998252018125000000;9999977418988266849616;4750;149239;1;192;30000000;30000000;191;995.84;1014.44;41.18
31337;64;HotelRoomBug;0x70997970C51812dc3A010C7d01b50e0d17dc79C8;1772422708;1772422708;9999998252018125000000;9999984852298689249576;4750;48569;1;59;30000000;30000000;58;997.37;1010.88;31.2
31337;63;HotelRoomBug;0x70997970C51812dc3A010C7d01b50e0d17dc79C8;1772422708;1772422708;9999998252018125000000;9999984443340508141904;4750;53874;1;66;30000000;30000000;65;1008.89;1017.48;34.19
31337;62;HotelRoomBug;0x70997970C51812dc3A010C7d01b50e0d17dc79C8;1772422708;1772422708;9999998252018125000000;9999983099620770216696;4750;71291;1;89;30000000;30000000;88;1013.61;1029.56;40.15
31337;61;HotelRoomBug;0x70997970C51812dc3A010C7d01b50e0d17dc79C8;1772422708;1772422708;9999998252018125000000;9999982281704408001352;4750;81889;1;103;30000000;30000000;102;990.07;1015.13;40.26
31337;60;HotelRoomBug;0x70997970C51812dc3A010C7d01b50e0d17dc79C8;1772422708;1772422708;9999998252018125000000;9999984501763105443000;4750;53116;1;65;30000000;30000000;64;1007.01;1016.6;32.48
31337;59;HotelRoomBug;0x70997970C51812dc3A010C7d01b50e0d17dc79C8;1772422708;1772422708;9999998252018125000000;9999980704294280871760;4750;102306;1;130;30000000;30000000;129;999.82;1014.78;39.19
31337;58;HotelRoomBug;0x70997970C51812dc3A010C7d01b50e0d17dc79C8;1772422708;1772422708;9999998252018125000000;9999977524787723135552;4750;147725;1;190;30000000;30000000;189;995.33;1023.02;38.24
31337;57;HotelRoomBug;0x70997970C51812dc3A010C7d01b50e0d17dc79C8;1772422708;1772422708;9999998252018125000000;9999979587877120711304;4750;118202;1;151;30000000;30000000;150;1018.77;1034.44;39.13
31337;56;HotelRoomBug;0x70997970C51812dc3A010C7d01b50e0d17dc79C8;1772422708;1772422708;9999998252018125000000;9999980592971955427696;4750;103820;1;132;30000000;30000000;131;1003.14;1020.3;41.33
31337;55;HotelRoomBug;0x70997970C51812dc3A010C7d01b50e0d17dc79C8;1772422708;1772422708;9999998252018125000000;9999979429177936282400;4750;120473;1;154;30000000;30000000;153;1002.73;1010.77;40.83
31337;54;HotelRoomBug;0x70997970C51812dc3A010C7d01b50e0d17dc79C8;1772422708;1772422708;9999998252018125000000;9999982340127005302448;4750;81132;1;102;30000000;30000000;101;1004.14;1017.37;39.9
31337;53;HotelRoomBug;0x70997970C51812dc3A010C7d01b50e0d17dc79C8;1772422708;1772422708;9999998252018125000000;9999986079173232572592;4750;32651;1;38;30000000;30000000;37;1003.48;1010.87;23.43
31337;52;HotelRoomBug;0x70997970C51812dc3A010C7d01b50e0d17dc79C8;1772422708;1772422708;9999998252018125000000;9999981814323629592584;4750;87945;1;111;30000000;30000000;110;1009.68;1017.5;40.05
31337;51;HotelRoomBug;0x70997970C51812dc3A010C7d01b50e0d17dc79C8;1772422708;1772422708;9999998252018125000000;9999979164679295567560;4750;124258;1;159;30000000;30000000;158;1011.1;1028.49;39.49
31337;50;HotelRoomBug;0x70997970C51812dc3A010C7d01b50e0d17dc79C8;1772422708;1772422708;9999998252018125000000;9999983041198172915600;4750;72048;1;90;30000000;30000000;89;1012.85;1027.07;40.97
31337;49;HotelRoomBug;0x70997970C51812dc3A010C7d01b50e0d17dc79C8;1772422708;1772422708;9999998252018125000000;9999984969143883851768;4750;47053;1;57;30000000;30000000;56;1016.74;1029.01;30.38
31337;48;HotelRoomBug;0x70997970C51812dc3A010C7d01b50e0d17dc79C8;1772422708;1772422708;9999998252018125000000;9999980937984670076144;4750;99281;1;126;30000000;30000000;125;1013.32;1032.21;38.62
31337;47;HotelRoomBug;0x70997970C51812dc3A010C7d01b50e0d17dc79C8;1772422708;1772422708;9999998252018125000000;9999979799476033283176;4750;115175;1;147;30000000;30000000;146;1019.45;1033.88;39.64
31337;46;HotelRoomBug;0x70997970C51812dc3A010C7d01b50e0d17dc79C8;1772422708;1772422708;9999998252018125000000;9999985611792454163824;4750;38715;1;46;30000000;30000000;45;996.94;1005.04;25.37
31337;45;HotelRoomBug;0x70997970C51812dc3A010C7d01b50e0d17dc79C8;1772422708;1772422708;9999998252018125000000;9999982281704408001352;4750;81889;1;103;30000000;30000000;102;1001.83;1018.52;40.05
31337;44;HotelRoomBug;0x70997970C51812dc3A010C7d01b50e0d17dc79C8;1772422708;1772422708;9999998252018125000000;9999982632239991807928;4750;77347;1;97;30000000;30000000;96;990.54;1011.9;39.59
31337;43;HotelRoomBug;0x70997970C51812dc3A010C7d01b50e0d17dc79C8;1772422708;1772422708;9999998252018125000000;9999979693676576997240;4750;116688;1;149;30000000;30000000;148;1010.26;1022.49;40
31337;42;HotelRoomBug;0x70997970C51812dc3A010C7d01b50e0d17dc79C8;1772422708;1772422708;9999998252018125000000;9999983450156354023272;4750;66749;1;83;30000000;30000000;82;1012.32;1023.35;39.59
31337;41;HotelRoomBug;0x70997970C51812dc3A010C7d01b50e0d17dc79C8;1772422708;1772422708;9999998252018125000000;9999980328473314712856;4750;107605;1;137;30000000;30000000;136;1012.19;1023.7;38.66
31337;40;HotelRoomBug;0x70997970C51812dc3A010C7d01b50e0d17dc79C8;1772422708;1772422708;9999998252018125000000;9999985319679467658344;4750;42505;1;51;30000000;30000000;50;993.74;1015.86;28.5
31337;39;HotelRoomBug;0x70997970C51812dc3A010C7d01b50e0d17dc79C8;1772422708;1772422708;9999998252018125000000;9999976889990985419936;4750;156809;1;202;30000000;30000000;201;1016.57;1027.03;39.33
31337;38;HotelRoomBug;0x70997970C51812dc3A010C7d01b50e0d17dc79C8;1772422708;1772422708;9999998252018125000000;9999977154489626134776;4750;153024;1;197;30000000;30000000;196;998.87;1023.35;39.64
31337;37;HotelRoomBug;0x70997970C51812dc3A010C7d01b50e0d17dc79C8;1772422708;1772422708;9999998252018125000000;9999981346942851183816;4750;93996;1;119;30000000;30000000;118;1012.78;1030.68;39.95
31337;36;HotelRoomBug;0x70997970C51812dc3A010C7d01b50e0d17dc79C8;1772422708;1772422708;9999998252018125000000;9999977789286363850392;4750;143940;1;185;30000000;30000000;184;1014.32;1023.08;37.95
31337;35;HotelRoomBug;0x70997970C51812dc3A010C7d01b50e0d17dc79C8;1772422708;1772422708;9999998252018125000000;9999982690662589109024;4750;76590;1;96;30000000;30000000;95;997.79;1015.46;42.97
31337;34;HotelRoomBug;0x70997970C51812dc3A010C7d01b50e0d17dc79C8;1772422708;1772422708;9999998252018125000000;9999977842186091993360;4750;143183;1;184;30000000;30000000;183;1002.01;1024.05;39.33
31337;33;HotelRoomBug;0x70997970C51812dc3A010C7d01b50e0d17dc79C8;1772422708;1772422708;9999998252018125000000;9999984443340508141904;4750;53874;1;66;30000000;30000000;65;996.19;1005.75;36.76
31337;32;HotelRoomBug;0x70997970C51812dc3A010C7d01b50e0d17dc79C8;1772422708;1772422708;9999998252018125000000;9999980821139475473952;4750;100791;1;128;30000000;30000000;127;1014.8;1025.82;39.9
31337;31;HotelRoomBug;0x70997970C51812dc3A010C7d01b50e0d17dc79C8;1772422708;1772422708;9999998252018125000000;9999986137595829873688;4750;31893;1;37;30000000;30000000;36;1005.42;1019.92;25.32
31337;30;HotelRoomBug;0x70997970C51812dc3A010C7d01b50e0d17dc79C8;1772422708;1772422708;9999998252018125000000;9999981872746226893680;4750;87188;1;110;30000000;30000000;109;1014.59;1030.3;39.07
31337;29;HotelRoomBug;0x70997970C51812dc3A010C7d01b50e0d17dc79C8;1772422708;1772422708;9999998252018125000000;9999976519692888419160;4750;162108;1;209;30000000;30000000;208;995.09;1033.75;43.96
31337;28;HotelRoomBug;0x70997970C51812dc3A010C7d01b50e0d17dc79C8;1772422708;1772422708;9999998252018125000000;9999981346942851183816;4750;93996;1;119;30000000;30000000;118;1021.5;1030.29;40.55
31337;27;HotelRoomBug;0x70997970C51812dc3A010C7d01b50e0d17dc79C8;1772422708;1772422708;9999998252018125000000;9999979270478751853496;4750;122744;1;157;30000000;30000000;156;1006.39;1018.36;39.74
31337;26;HotelRoomBug;0x70997970C51812dc3A010C7d01b50e0d17dc79C8;1772422708;1772422708;9999998252018125000000;9999983683846743227656;4750;63721;1;79;30000000;30000000;78;1003.54;1018.27;37.95
31337;25;HotelRoomBug;0x70997970C51812dc3A010C7d01b50e0d17dc79C8;1772422708;1772422708;9999998252018125000000;9999983625424145926560;4750;64478;1;80;30000000;30000000;79;1008.33;1011.71;40.26
31337;24;HotelRoomBug;0x70997970C51812dc3A010C7d01b50e0d17dc79C8;1772422708;1772422708;9999998252018125000000;9999985728637648766016;4750;37199;1;44;30000000;30000000;43;999.54;1011.08;27.96
31337;23;HotelRoomBug;0x70997970C51812dc3A010C7d01b50e0d17dc79C8;1772422708;1772422708;9999998252018125000000;9999980592971955427696;4750;103820;1;132;30000000;30000000;131;1011.24;1023.48;38.4
31337;22;HotelRoomBug;0x70997970C51812dc3A010C7d01b50e0d17dc79C8;1772422708;1772422708;9999998252018125000000;9999981346942851183816;4750;93996;1;119;30000000;30000000;118;1007.19;1018.95;38.05
31337;21;HotelRoomBug;0x70997970C51812dc3A010C7d01b50e0d17dc79C8;1772422708;1772422708;9999998252018125000000;9999982690662589109024;4750;76590;1;96;30000000;30000000;95;998.39;1017.05;40.86
31337;20;HotelRoomBug;0x70997970C51812dc3A010C7d01b50e0d17dc79C8;1772422708;1772422708;9999998252018125000000;9999980821139475473952;4750;100791;1;128;30000000;30000000;127;995.65;1012.56;39.02
31337;19;HotelRoomBug;0x70997970C51812dc3A010C7d01b50e0d17dc79C8;1772422708;1772422708;9999998252018125000000;9999978424083101566008;4750;134856;1;173;30000000;30000000;172;1006.2;1025.04;40.15
31337;18;HotelRoomBug;0x70997970C51812dc3A010C7d01b50e0d17dc79C8;1772422708;1772422708;9999998252018125000000;9999985027566481152864;4750;46295;1;56;30000000;30000000;55;1012.83;1024.37;30.43
31337;17;HotelRoomBug;0x70997970C51812dc3A010C7d01b50e0d17dc79C8;1772422708;1772422708;9999998252018125000000;9999977683486907564456;4750;145454;1;187;30000000;30000000;186;1003.21;1020.57;39.29
31337;16;HotelRoomBug;0x70997970C51812dc3A010C7d01b50e0d17dc79C8;1772422708;1772422708;9999998252018125000000;9999980879562072775048;4750;100036;1;127;30000000;30000000;126;1013.27;1026.01;39.85
31337;15;HotelRoomBug;0x70997970C51812dc3A010C7d01b50e0d17dc79C8;1772422708;1772422708;9999998252018125000000;9999978159584460851168;4750;138641;1;178;30000000;30000000;177;998.36;1021.88;37.5
31337;14;HotelRoomBug;0x70997970C51812dc3A010C7d01b50e0d17dc79C8;1772422708;1772422708;9999998252018125000000;9999984501763105443000;4750;53116;1;65;30000000;30000000;64;1003.36;1017.11;35.19
31337;13;HotelRoomBug;0x70997970C51812dc3A010C7d01b50e0d17dc79C8;1772422708;1772422708;9999998252018125000000;9999976995790441705872;4750;155295;1;200;30000000;30000000;199;1008.54;1029.82;38.76
31337;12;HotelRoomBug;0x70997970C51812dc3A010C7d01b50e0d17dc79C8;1772422708;1772422708;9999998252018125000000;9999986079173232572592;4750;32651;1;38;30000000;30000000;37;1001.91;1012.72;22.86
31337;11;HotelRoomBug;0x70997970C51812dc3A010C7d01b50e0d17dc79C8;1772422708;1772422708;9999998252018125000000;9999979799476033283176;4750;115175;1;147;30000000;30000000;146;999.14;1019.25;39.8
31337;10;HotelRoomBug;0x70997970C51812dc3A010C7d01b50e0d17dc79C8;1772422708;1772422708;9999998252018125000000;9999976942890713562904;4750;156052;1;201;30000000;30000000;200;999.09;1020.12;41.13
31337;9;HotelRoomBug;0x70997970C51812dc3A010C7d01b50e0d17dc79C8;1772422708;1772422708;9999998252018125000000;9999984501763105443000;4750;53116;1;65;30000000;30000000;64;994.06;1006.84;35.53
31337;8;HotelRoomBug;0x70997970C51812dc3A010C7d01b50e0d17dc79C8;1772422708;1772422708;9999998252018125000000;9999983508578951324368;4750;65992;1;82;30000000;30000000;81;1010.99;1025.7;41.03
31337;7;HotelRoomBug;0x70997970C51812dc3A010C7d01b50e0d17dc79C8;1772422708;1772422708;9999998252018125000000;9999985378102064959440;4750;41747;1;50;30000000;30000000;49;1003.8;1014.36;28.21
31337;6;HotelRoomBug;0x70997970C51812dc3A010C7d01b50e0d17dc79C8;1772422708;1772422708;9999998252018125000000;9999984151227521636424;4750;57664;1;71;30000000;30000000;70;1004.52;1019.25;37.56
31337;5;HotelRoomBug;0x70997970C51812dc3A010C7d01b50e0d17dc79C8;1772422708;1772422708;9999998252018125000000;9999979852375761426144;4750;114416;1;146;30000000;30000000;145;1007.69;1022.87;39.95
31337;4;HotelRoomBug;0x70997970C51812dc3A010C7d01b50e0d17dc79C8;1772422708;1772422708;9999998252018125000000;9999983099620770216696;4750;71291;1;89;30000000;30000000;88;1006.27;1019.04;40.72
31337;3;HotelRoomBug;0x70997970C51812dc3A010C7d01b50e0d17dc79C8;1772422708;1772422708;9999998252018125000000;9999984501763105443000;4750;53116;1;65;30000000;30000000;64;1009.89;1018.23;37.97
31337;2;HotelRoomBug;0x70997970C51812dc3A010C7d01b50e0d17dc79C8;1772422708;1772422708;9999998252018125000000;9999977154489626134776;4750;153024;1;197;30000000;30000000;196;1009.86;1026.97;39.19
31337;1;HotelRoomBug;0x70997970C51812dc3A010C7d01b50e0d17dc79C8;1772422708;1772422708;9999998252018125000000;9999980222673858426920;4750;109119;1;139;30000000;30000000;138;1004.63;1020.79;38.42
