roundIndex;contract_name;event_name;rawdata
100;HotelRoomOrig;CheckIn;0x000000000000000000000000f39fd6e51aad88f6f4ce6ab8827279cfffb922660000000000000000000000000000000000000000000000000000000000000060000000000000000000000000000000000000000000000000000009184e72a0000000000000000000000000000000000000000000000000000000000000000028526f6f6d206265696e67207265736572766564206d6f6e657920776173207472616e736665726564000000000000000000000000000000000000000000000000
100;HotelRoomOrig;CheckOut;0x000000000000000000000000f39fd6e51aad88f6f4ce6ab8827279cfffb922660000000000000000000000000000000000000000000000000000000000000060000000000000000000000000000000000000000000000000002386f26fc10000000000000000000000000000000000000000000000000000000000000000000e52656c656173696e6720526f6f6d000000000000000000000000000000000000
100;HotelRoomBug;CheckIn;0x00000000000000000000000070997970c51812dc3a010c7d01b50e0d17dc79c80000000000000000000000000000000000000000000000000000000000000060000000000000000000000000000000000000000000000000000009184e72a0000000000000000000000000000000000000000000000000000000000000000028526f6f6d206265696e67207265736572766564206d6f6e657920776173207472616e736665726564000000000000000000000000000000000000000000000000
100;HotelRoomBug;CheckOut;0x00000000000000000000000070997970c51812dc3a010c7d01b50e0d17dc79c80000000000000000000000000000000000000000000000000000000000000060000000000000000000000000000000000000000000000000002386f26fc10000000000000000000000000000000000000000000000000000000000000000000e52656c656173696e6720526f6f6d000000000000000000000000000000000000
99;HotelRoomBug;CheckIn;0x00000000000000000000000070997970c51812dc3a010c7d01b50e0d17dc79c80000000000000000000000000000000000000000000000000000000000000060000000000000000000000000000000000000000000000000000009184e72a0000000000000000000000000000000000000000000000000000000000000000028526f6f6d206265696e67207265736572766564206d6f6e657920776173207472616e736665726564000000000000000000000000000000000000000000000000
99;HotelRoomBug;CheckOut;0x00000000000000000000000070997970c51812dc3a010c7d01b50e0d17dc79c80000000000000000000000000000000000000000000000000000000000000060000000000000000000000000000000000000000000000000002386f26fc10000000000000000000000000000000000000000000000000000000000000000000e52656c656173696e6720526f6f6d000000000000000000000000000000000000
98;HotelRoomBug;CheckIn;0x00000000000000000000000070997970c51812dc3a010c7d01b50e0d17dc79c80000000000000000000000000000000000000000000000000000000000000060000000000000000000000000000000000000000000000000000009184e72a0000000000000000000000000000000000000000000000000000000000000000028526f6f6d206265696e67207265736572766564206d6f6e657920776173207472616e736665726564000000000000000000000000000000000000000000000000
98;HotelRoomBug;CheckOut;0x00000000000000000000000070997970c51812dc3a010c7d01b50e0d17dc79c80000000000000000000000000000000000000000000000000000000000000060000000000000000000000000000000000000000000000000002386f26fc10000000000000000000000000000000000000000000000000000000000000000000e52656c656173696e6720526f6f6d000000000000000000000000000000000000
97;HotelRoomBug;CheckIn;0x00000000000000000000000070997970c51812dc3a010c7d01b50e0d17dc79c80000000000000000000000000000000000000000000000000000000000000060000000000000000000000000000000000000000000000000000009184e72a0000000000000000000000000000000000000000000000000000000000000000028526f6f6d206265696e67207265736572766564206d6f6e657920776173207472616e736665726564000000000000000000000000000000000000000000000000
97;HotelRoomBug;CheckOut;0x00000000000000000000000070997970c51812dc3a010c7d01b50e0d17dc79c80000000000000000000000000000000000000000000000000000000000000060000000000000000000000000000000000000000000000000002386f26fc10000000000000000000000000000000000000000000000000000000000000000000e52656c656173696e6720526f6f6d000000000000000000000000000000000000
96;HotelRoomBug;CheckIn;0x00000000000000000000000070997970c51812dc3a010c7d01b50e0d17dc79c80000000000000000000000000000000000000000000000000000000000000060000000000000000000000000000000000000000000000000000009184e72a0000000000000000000000000000000000000000000000000000000000000000028526f6f6d206265696e67207265736572766564206d6f6e657920776173207472616e736665726564000000000000000000000000000000000000000000000000
96;HotelRoomBug;CheckOut;0x00000000000000000000000070997970c51812dc3a010c7d01b50e0d17dc79c80000000000000000000000000000000000000000000000000000000000000060000000000000000000000000000000000000000000000000002386f26fc10000000000000000000000000000000000000000000000000000000000000000000e52656c656173696e6720526f6f6d000000000000000000000000000000000000
95;HotelRoomBug;CheckIn;0x00000000000000000000000070997970c51812dc3a010c7d01b50e0d17dc79c80000000000000000000000000000000000000000000000000000000000000060000000000000000000000000000000000000000000000000000009184e72a0000000000000000000000000000000000000000000000000000000000000000028526f6f6d206265696e67207265736572766564206d6f6e657920776173207472616e736665726564000000000000000000000000000000000000000000000000
95;HotelRoomBug;CheckOut;0x00000000000000000000000070997970c51812dc3a010c7d01b50e0d17dc79c80000000000000000000000000000000000000000000000000000000000000060000000000000000000000000000000000000000000000000002386f26fc10000000000000000000000000000000000000000000000000000000000000000000e52656c656173696e6720526f6f6d000000000000000000000000000000000000
94;HotelRoomBug;CheckIn;0x00000000000000000000000070997970c51812dc3a010c7d01b50e0d17dc79c80000000000000000000000000000000000000000000000000000000000000060000000000000000000000000000000000000000000000000000009184e72a0000000000000000000000000000000000000000000000000000000000000000028526f6f6d206265696e67207265736572766564206d6f6e657920776173207472616e736665726564000000000000000000000000000000000000000000000000
94;HotelRoomBug;CheckOut;0x00000000000000000000000070997970c51812dc3a010c7d01b50e0d17dc79c80000000000000000000000000000000000000000000000000000000000000060000000000000000000000000000000000000000000000000002386f26fc10000000000000000000000000000000000000000000000000000000000000000000e52656c656173696e6720526f6f6d000000000000000000000000000000000000
93;HotelRoomBug;CheckIn;0x00000000000000000000000070997970c51812dc3a010c7d01b50e0d17dc79c80000000000000000000000000000000000000000000000000000000000000060000000000000000000000000000000000000000000000000000009184e72a0000000000000000000000000000000000000000000000000000000000000000028526f6f6d206265696e67207265736572766564206d6f6e657920776173207472616e736665726564000000000000000000000000000000000000000000000000
93;HotelRoomBug;CheckOut;0x00000000000000000000000070997970c51812dc3a010c7d01b50e0d17dc79c80000000000000000000000000000000000000000000000000000000000000060000000000000000000000000000000000000000000000000002386f26fc10000000000000000000000000000000000000000000000000000000000000000000e52656c656173696e6720526f6f6d000000000000000000000000000000000000
92;HotelRoomBug;CheckIn;0x00000000000000000000000070997970c51812dc3a010c7d01b50e0d17dc79c80000000000000000000000000000000000000000000000000000000000000060000000000000000000000000000000000000000000000000000009184e72a0000000000000000000000000000000000000000000000000000000000000000028526f6f6d206265696e67207265736572766564206d6f6e657920776173207472616e736665726564000000000000000000000000000000000000000000000000
92;HotelRoomBug;CheckOut;0x00000000000000000000000070997970c51812dc3a010c7d01b50e0d17dc79c80000000000000000000000000000000000000000000000000000000000000060000000000000000000000000000000000000000000000000002386f26fc10000000000000000000000000000000000000000000000000000000000000000000e52656c656173696e6720526f6f6d000000000000000000000000000000000000
91;HotelRoomBug;CheckIn;0x00000000000000000000000070997970c51812dc3a010c7d01b50e0d17dc79c80000000000000000000000000000000000000000000000000000000000000060000000000000000000000000000000000000000000000000000009184e72a0000000000000000000000000000000000000000000000000000000000000000028526f6f6d206265696e67207265736572766564206d6f6e657920776173207472616e736665726564000000000000000000000000000000000000000000000000
91;HotelRoomBug;CheckOut;0x00000000000000000000000070997970c51812dc3a010c7d01b50e0d17dc79c80000000000000000000000000000000000000000000000000000000000000060000000000000000000000000000000000000000000000000002386f26fc10000000000000000000000000000000000000000000000000000000000000000000e52656c656173696e6720526f6f6d000000000000000000000000000000000000
90;HotelRoomBug;CheckIn;0x00000000000000000000000070997970c51812dc3a010c7d01b50e0d17dc79c80000000000000000000000000000000000000000000000000000000000000060000000000000000000000000000000000000000000000000000009184e72a0000000000000000000000000000000000000000000000000000000000000000028526f6f6d206265696e67207265736572766564206d6f6e657920776173207472616e736665726564000000000000000000000000000000000000000000000000
90;HotelRoomBug;CheckOut;0x00000000000000000000000070997970c51812dc3a010c7d01b50e0d17dc79c80000000000000000000000000000000000000000000000000000000000000060000000000000000000000000000000000000000000000000002386f26fc10000000000000000000000000000000000000000000000000000000000000000000e52656c656173696e6720526f6f6d000000000000000000000000000000000000
89;HotelRoomBug;CheckIn;0x00000000000000000000000070997970c51812dc3a010c7d01b50e0d17dc79c80000000000000000000000000000000000000000000000000000000000000060000000000000000000000000000000000000000000000000000009184e72a0000000000000000000000000000000000000000000000000000000000000000028526f6f6d206265696e67207265736572766564206d6f6e657920776173207472616e736665726564000000000000000000000000000000000000000000000000
89;HotelRoomBug;CheckOut;0x00000000000000000000000070997970c51812dc3a010c7d01b50e0d17dc79c80000000000000000000000000000000000000000000000000000000000000060000000000000000000000000000000000000000000000000002386f26fc10000000000000000000000000000000000000000000000000000000000000000000e52656c656173696e6720526f6f6d000000000000000000000000000000000000
88;HotelRoomBug;CheckIn;0x00000000000000000000000070997970c51812dc3a010c7d01b50e0d17dc79c80000000000000000000000000000000000000000000000000000000000000060000000000000000000000000000000000000000000000000000009184e72a0000000000000000000000000000000000000000000000000000000000000000028526f6f6d206265696e67207265736572766564206d6f6e657920776173207472616e736665726564000000000000000000000000000000000000000000000000
88;HotelRoomBug;CheckOut;0x00000000000000000000000070997970c51812dc3a010c7d01b50e0d17dc79c80000000000000000000000000000000000000000000000000000000000000060000000000000000000000000000000000000000000000000002386f26fc10000000000000000000000000000000000000000000000000000000000000000000e52656c656173696e6720526f6f6d000000000000000000000000000000000000
87;HotelRoomBug;CheckIn;0x00000000000000000000000070997970c51812dc3a010c7d01b50e0d17dc79c80000000000000000000000000000000000000000000000000000000000000060000000000000000000000000000000000000000000000000000009184e72a0000000000000000000000000000000000000000000000000000000000000000028526f6f6d206265696e67207265736572766564206d6f6e657920776173207472616e736665726564000000000000000000000000000000000000000000000000
87;HotelRoomBug;CheckOut;0x00000000000000000000000070997970c51812dc3a010c7d01b50e0d17dc79c80000000000000000000000000000000000000000000000000000000000000060000000000000000000000000000000000000000000000000002386f26fc10000000000000000000000000000000000000000000000000000000000000000000e52656c656173696e6720526f6f6d000000000000000000000000000000000000
86;HotelRoomBug;CheckIn;0x00000000000000000000000070997970c51812dc3a010c7d01b50e0d17dc79c80000000000000000000000000000000000000000000000000000000000000060000000000000000000000000000000000000000000000000000009184e72a0000000000000000000000000000000000000000000000000000000000000000028526f6f6d206265696e67207265736572766564206d6f6e657920776173207472616e736665726564000000000000000000000000000000000000000000000000
86;HotelRoomBug;CheckOut;0x00000000000000000000000070997970c51812dc3a010c7d01b50e0d17dc79c80000000000000000000000000000000000000000000000000000000000000060000000000000000000000000000000000000000000000000002386f26fc10000000000000000000000000000000000000000000000000000000000000000000e52656c656173696e6720526f6f6d000000000000000000000000000000000000
85;HotelRoomBug;CheckIn;0x00000000000000000000000070997970c51812dc3a010c7d01b50e0d17dc79c80000000000000000000000000000000000000000000000000000000000000060000000000000000000000000000000000000000000000000000009184e72a0000000000000000000000000000000000000000000000000000000000000000028526f6f6d206265696e67207265736572766564206d6f6e657920776173207472616e736665726564000000000000000000000000000000000000000000000000
85;HotelRoomBug;CheckOut;0x00000000000000000000000070997970c51812dc3a010c7d01b50e0d17dc79c80000000000000000000000000000000000000000000000000000000000000060000000000000000000000000000000000000000000000000002386f26fc10000000000000000000000000000000000000000000000000000000000000000000e52656c656173696e6720526f6f6d000000000000000000000000000000000000
84;HotelRoomBug;CheckIn;0x00000000000000000000000070997970c51812dc3a010c7d01b50e0d17dc79c80000000000000000000000000000000000000000000000000000000000000060000000000000000000000000000000000000000000000000000009184e72a0000000000000000000000000000000000000000000000000000000000000000028526f6f6d206265696e67207265736572766564206d6f6e657920776173207472616e736665726564000000000000000000000000000000000000000000000000
84;HotelRoomBug;CheckOut;0x00000000000000000000000070997970c51812dc3a010c7d01b50e0d17dc79c80000000000000000000000000000000000000000000000000000000000000060000000000000000000000000000000000000000000000000002386f26fc10000000000000000000000000000000000000000000000000000000000000000000e52656c656173696e6720526f6f6d000000000000000000000000000000000000
83;HotelRoomBug;CheckIn;0x00000000000000000000000070997970c51812dc3a010c7d01b50e0d17dc79c80000000000000000000000000000000000000000000000000000000000000060000000000000000000000000000000000000000000000000000009184e72a0000000000000000000000000000000000000000000000000000000000000000028526f6f6d206265696e67207265736572766564206d6f6e657920776173207472616e736665726564000000000000000000000000000000000000000000000000
83;HotelRoomBug;CheckOut;0x00000000000000000000000070997970c51812dc3a010c7d01b50e0d17dc79c80000000000000000000000000000000000000000000000000000000000000060000000000000000000000000000000000000000000000000002386f26fc10000000000000000000000000000000000000000000000000000000000000000000e52656c656173696e6720526f6f6d000000000000000000000000000000000000
82;HotelRoomBug;CheckIn;0x00000000000000000000000070997970c51812dc3a010c7d01b50e0d17dc79c80000000000000000000000000000000000000000000000000000000000000060000000000000000000000000000000000000000000000000000009184e72a0000000000000000000000000000000000000000000000000000000000000000028526f6f6d206265696e67207265736572766564206d6f6e657920776173207472616e736665726564000000000000000000000000000000000000000000000000
82;HotelRoomBug;CheckOut;0x00000000000000000000000070997970c51812dc3a010c7d01b50e0d17dc79c80000000000000000000000000000000000000000000000000000000000000060000000000000000000000000000000000000000000000000002386f26fc10000000000000000000000000000000000000000000000000000000000000000000e52656c656173696e6720526f6f6d000000000000000000000000000000000000
81;HotelRoomBug;CheckIn;0x00000000000000000000000070997970c51812dc3a010c7d01b50e0d17dc79c80000000000000000000000000000000000000000000000000000000000000060000000000000000000000000000000000000000000000000000009184e72a0000000000000000000000000000000000000000000000000000000000000000028526f6f6d206265696e67207265736572766564206d6f6e657920776173207472616e736665726564000000000000000000000000000000000000000000000000
81;HotelRoomBug;CheckOut;0x00000000000000000000000070997970c51812dc3a010c7d01b50e0d17dc79c80000000000000000000000000000000000000000000000000000000000000060000000000000000000000000000000000000000000000000002386f26fc10000000000000000000000000000000000000000000000000000000000000000000e52656c656173696e6720526f6f6d000000000000000000000000000000000000
80;HotelRoomBug;CheckIn;0x00000000000000000000000070997970c51812dc3a010c7d01b50e0d17dc79c80000000000000000000000000000000000000000000000000000000000000060000000000000000000000000000000000000000000000000000009184e72a0000000000000000000000000000000000000000000000000000000000000000028526f6f6d206265696e67207265736572766564206d6f6e657920776173207472616e736665726564000000000000000000000000000000000000000000000000
80;HotelRoomBug;CheckOut;0x00000000000000000000000070997970c51812dc3a010c7d01b50e0d17dc79c80000000000000000000000000000000000000000000000000000000000000060000000000000000000000000000000000000000000000000002386f26fc10000000000000000000000000000000000000000000000000000000000000000000e52656c656173696e6720526f6f6d000000000000000000000000000000000000
79;HotelRoomBug;CheckIn;0x00000000000000000000000070997970c51812dc3a010c7d01b50e0d17dc79c80000000000000000000000000000000000000000000000000000000000000060000000000000000000000000000000000000000000000000000009184e72a0000000000000000000000000000000000000000000000000000000000000000028526f6f6d206265696e67207265736572766564206d6f6e657920776173207472616e736665726564000000000000000000000000000000000000000000000000
79;HotelRoomBug;CheckOut;0x00000000000000000000000070997970c51812dc3a010c7d01b50e0d17dc79c80000000000000000000000000000000000000000000000000000000000000060000000000000000000000000000000000000000000000000002386f26fc10000000000000000000000000000000000000000000000000000000000000000000e52656c656173696e6720526f6f6d000000000000000000000000000000000000
78;HotelRoomBug;CheckIn;0x00000000000000000000000070997970c51812dc3a010c7d01b50e0d17dc79c80000000000000000000000000000000000000000000000000000000000000060000000000000000000000000000000000000000000000000000009184e72a0000000000000000000000000000000000000000000000000000000000000000028526f6f6d206265696e67207265736572766564206d6f6e657920776173207472616e736665726564000000000000000000000000000000000000000000000000
78;HotelRoomBug;CheckOut;0x00000000000000000000000070997970c51812dc3a010c7d01b50e0d17dc79c80000000000000000000000000000000000000000000000000000000000000060000000000000000000000000000000000000000000000000002386f26fc10000000000000000000000000000000000000000000000000000000000000000000e52656c656173696e6720526f6f6d000000000000000000000000000000000000
77;HotelRoomBug;CheckIn;0x00000000000000000000000070997970c51812dc3a010c7d01b50e0d17dc79c80000000000000000000000000000000000000000000000000000000000000060000000000000000000000000000000000000000000000000000009184e72a0000000000000000000000000000000000000000000000000000000000000000028526f6f6d206265696e67207265736572766564206d6f6e657920776173207472616e736665726564000000000000000000000000000000000000000000000000
77;HotelRoomBug;CheckOut;0x00000000000000000000000070997970c51812dc3a010c7d01b50e0d17dc79c80000000000000000000000000000000000000000000000000000000000000060000000000000000000000000000000000000000000000000002386f26fc10000000000000000000000000000000000000000000000000000000000000000000e52656c656173696e6720526f6f6d000000000000000000000000000000000000
76;HotelRoomBug;CheckIn;0x00000000000000000000000070997970c51812dc3a010c7d01b50e0d17dc79c80000000000000000000000000000000000000000000000000000000000000060000000000000000000000000000000000000000000000000000009184e72a0000000000000000000000000000000000000000000000000000000000000000028526f6f6d206265696e67207265736572766564206d6f6e657920776173207472616e736665726564000000000000000000000000000000000000000000000000
76;HotelRoomBug;CheckOut;0x00000000000000000000000070997970c51812dc3a010c7d01b50e0d17dc79c80000000000000000000000000000000000000000000000000000000000000060000000000000000000000000000000000000000000000000002386f26fc10000000000000000000000000000000000000000000000000000000000000000000e52656c656173696e6720526f6f6d000000000000000000000000000000000000
75;HotelRoomBug;CheckIn;0x00000000000000000000000070997970c51812dc3a010c7d01b50e0d17dc79c80000000000000000000000000000000000000000000000000000000000000060000000000000000000000000000000000000000000000000000009184e72a0000000000000000000000000000000000000000000000000000000000000000028526f6f6d206265696e67207265736572766564206d6f6e657920776173207472616e736665726564000000000000000000000000000000000000000000000000
75;HotelRoomBug;CheckOut;0x00000000000000000000000070997970c51812dc3a010c7d01b50e0d17dc79c80000000000000000000000000000000000000000000000000000000000000060000000000000000000000000000000000000000000000000002386f26fc10000000000000000000000000000000000000000000000000000000000000000000e52656c656173696e6720526f6f6d000000000000000000000000000000000000
74;HotelRoomBug;CheckIn;0x00000000000000000000000070997970c51812dc3a010c7d01b50e0d17dc79c80000000000000000000000000000000000000000000000000000000000000060000000000000000000000000000000000000000000000000000009184e72a0000000000000000000000000000000000000000000000000000000000000000028526f6f6d206265696e67207265736572766564206d6f6e657920776173207472616e736665726564000000000000000000000000000000000000000000000000
74;HotelRoomBug;CheckOut;0x00000000000000000000000070997970c51812dc3a010c7d01b50e0d17dc79c80000000000000000000000000000000000000000000000000000000000000060000000000000000000000000000000000000000000000000002386f26fc10000000000000000000000000000000000000000000000000000000000000000000e52656c656173696e6720526f6f6d000000000000000000000000000000000000
73;HotelRoomBug;CheckIn;0x00000000000000000000000070997970c51812dc3a010c7d01b50e0d17dc79c80000000000000000000000000000000000000000000000000000000000000060000000000000000000000000000000000000000000000000000009184e72a0000000000000000000000000000000000000000000000000000000000000000028526f6f6d206265696e67207265736572766564206d6f6e657920776173207472616e736665726564000000000000000000000000000000000000000000000000
73;HotelRoomBug;CheckOut;0x00000000000000000000000070997970c51812dc3a010c7d01b50e0d17dc79c80000000000000000000000000000000000000000000000000000000000000060000000000000000000000000000000000000000000000000002386f26fc10000000000000000000000000000000000000000000000000000000000000000000e52656c656173696e6720526f6f6d000000000000000000000000000000000000
72;HotelRoomBug;CheckIn;0x00000000000000000000000070997970c51812dc3a010c7d01b50e0d17dc79c80000000000000000000000000000000000000000000000000000000000000060000000000000000000000000000000000000000000000000000009184e72a0000000000000000000000000000000000000000000000000000000000000000028526f6f6d206265696e67207265736572766564206d6f6e657920776173207472616e736665726564000000000000000000000000000000000000000000000000
72;HotelRoomBug;CheckOut;0x00000000000000000000000070997970c51812dc3a010c7d01b50e0d17dc79c80000000000000000000000000000000000000000000000000000000000000060000000000000000000000000000000000000000000000000002386f26fc10000000000000000000000000000000000000000000000000000000000000000000e52656c656173696e6720526f6f6d000000000000000000000000000000000000
71;HotelRoomBug;CheckIn;0x00000000000000000000000070997970c51812dc3a010c7d01b50e0d17dc79c80000000000000000000000000000000000000000000000000000000000000060000000000000000000000000000000000000000000000000000009184e72a0000000000000000000000000000000000000000000000000000000000000000028526f6f6d206265696e67207265736572766564206d6f6e657920776173207472616e736665726564000000000000000000000000000000000000000000000000
71;HotelRoomBug;CheckOut;0x00000000000000000000000070997970c51812dc3a010c7d01b50e0d17dc79c80000000000000000000000000000000000000000000000000000000000000060000000000000000000000000000000000000000000000000002386f26fc10000000000000000000000000000000000000000000000000000000000000000000e52656c656173696e6720526f6f6d000000000000000000000000000000000000
70;HotelRoomBug;CheckIn;0x00000000000000000000000070997970c51812dc3a010c7d01b50e0d17dc79c80000000000000000000000000000000000000000000000000000000000000060000000000000000000000000000000000000000000000000000009184e72a0000000000000000000000000000000000000000000000000000000000000000028526f6f6d206265696e67207265736572766564206d6f6e657920776173207472616e736665726564000000000000000000000000000000000000000000000000
70;HotelRoomBug;CheckOut;0x00000000000000000000000070997970c51812dc3a010c7d01b50e0d17dc79c80000000000000000000000000000000000000000000000000000000000000060000000000000000000000000000000000000000000000000002386f26fc10000000000000000000000000000000000000000000000000000000000000000000e52656c656173696e6720526f6f6d000000000000000000000000000000000000
69;HotelRoomBug;CheckIn;0x00000000000000000000000070997970c51812dc3a010c7d01b50e0d17dc79c80000000000000000000000000000000000000000000000000000000000000060000000000000000000000000000000000000000000000000000009184e72a0000000000000000000000000000000000000000000000000000000000000000028526f6f6d206265696e67207265736572766564206d6f6e657920776173207472616e736665726564000000000000000000000000000000000000000000000000
69;HotelRoomBug;CheckOut;0x00000000000000000000000070997970c51812dc3a010c7d01b50e0d17dc79c80000000000000000000000000000000000000000000000000000000000000060000000000000000000000000000000000000000000000000002386f26fc10000000000000000000000000000000000000000000000000000000000000000000e52656c656173696e6720526f6f6d000000000000000000000000000000000000
68;HotelRoomBug;CheckIn;0x00000000000000000000000070997970c51812dc3a010c7d01b50e0d17dc79c80000000000000000000000000000000000000000000000000000000000000060000000000000000000000000000000000000000000000000000009184e72a0000000000000000000000000000000000000000000000000000000000000000028526f6f6d206265696e67207265736572766564206d6f6e657920776173207472616e736665726564000000000000000000000000000000000000000000000000
68;HotelRoomBug;CheckOut;0x00000000000000000000000070997970c51812dc3a010c7d01b50e0d17dc79c80000000000000000000000000000000000000000000000000000000000000060000000000000000000000000000000000000000000000000002386f26fc10000000000000000000000000000000000000000000000000000000000000000000e52656c656173696e6720526f6f6d000000000000000000000000000000000000
67;HotelRoomBug;CheckIn;0x00000000000000000000000070997970c51812dc3a010c7d01b50e0d17dc79c80000000000000000000000000000000000000000000000000000000000000060000000000000000000000000000000000000000000000000000009184e72a0000000000000000000000000000000000000000000000000000000000000000028526f6f6d206265696e67207265736572766564206d6f6e657920776173207472616e736665726564000000000000000000000000000000000000000000000000
67;HotelRoomBug;CheckOut;0x00000000000000000000000070997970c51812dc3a010c7d01b50e0d17dc79c80000000000000000000000000000000000000000000000000000000000000060000000000000000000000000000000000000000000000000002386f26fc10000000000000000000000000000000000000000000000000000000000000000000e52656c656173696e6720526f6f6d000000000000000000000000000000000000
66;HotelRoomBug;CheckIn;0x00000000000000000000000070997970c51812dc3a010c7d01b50e0d17dc79c80000000000000000000000000000000000000000000000000000000000000060000000000000000000000000000000000000000000000000000009184e72a0000000000000000000000000000000000000000000000000000000000000000028526f6f6d206265696e67207265736572766564206d6f6e657920776173207472616e736665726564000000000000000000000000000000000000000000000000
66;HotelRoomBug;CheckOut;0x00000000000000000000000070997970c51812dc3a010c7d01b50e0d17dc79c80000000000000000000000000000000000000000000000000000000000000060000000000000000000000000000000000000000000000000002386f26fc10000000000000000000000000000000000000000000000000000000000000000000e52656c656173696e6720526f6f6d000000000000000000000000000000000000
65;HotelRoomBug;CheckIn;0x00000000000000000000000070997970c51812dc3a010c7d01b50e0d17dc79c80000000000000000000000000000000000000000000000000000000000000060000000000000000000000000000000000000000000000000000009184e72a0000000000000000000000000000000000000000000000000000000000000000028526f6f6d206265696e67207265736572766564206d6f6e657920776173207472616e736665726564000000000000000000000000000000000000000000000000
65;HotelRoomBug;CheckOut;0x00000000000000000000000070997970c51812dc3a010c7d01b50e0d17dc79c80000000000000000000000000000000000000000000000000000000000000060000000000000000000000000000000000000000000000000002386f26fc10000000000000000000000000000000000000000000000000000000000000000000e52656c656173696e6720526f6f6d000000000000000000000000000000000000
64;HotelRoomBug;CheckIn;0x00000000000000000000000070997970c51812dc3a010c7d01b50e0d17dc79c80000000000000000000000000000000000000000000000000000000000000060000000000000000000000000000000000000000000000000000009184e72a0000000000000000000000000000000000000000000000000000000000000000028526f6f6d206265696e67207265736572766564206d6f6e657920776173207472616e736665726564000000000000000000000000000000000000000000000000
64;HotelRoomBug;CheckOut;0x00000000000000000000000070997970c51812dc3a010c7d01b50e0d17dc79c80000000000000000000000000000000000000000000000000000000000000060000000000000000000000000000000000000000000000000002386f26fc10000000000000000000000000000000000000000000000000000000000000000000e52656c656173696e6720526f6f6d000000000000000000000000000000000000
63;HotelRoomBug;CheckIn;0x00000000000000000000000070997970c51812dc3a010c7d01b50e0d17dc79c80000000000000000000000000000000000000000000000000000000000000060000000000000000000000000000000000000000000000000000009184e72a0000000000000000000000000000000000000000000000000000000000000000028526f6f6d206265696e67207265736572766564206d6f6e657920776173207472616e736665726564000000000000000000000000000000000000000000000000
63;HotelRoomBug;CheckOut;0x00000000000000000000000070997970c51812dc3a010c7d01b50e0d17dc79c80000000000000000000000000000000000000000000000000000000000000060000000000000000000000000000000000000000000000000002386f26fc10000000000000000000000000000000000000000000000000000000000000000000e52656c656173696e6720526f6f6d000000000000000000000000000000000000
62;HotelRoomBug;CheckIn;0x00000000000000000000000070997970c51812dc3a010c7d01b50e0d17dc79c80000000000000000000000000000000000000000000000000000000000000060000000000000000000000000000000000000000000000000000009184e72a0000000000000000000000000000000000000000000000000000000000000000028526f6f6d206265696e67207265736572766564206d6f6e657920776173207472616e736665726564000000000000000000000000000000000000000000000000
62;HotelRoomBug;CheckOut;0x00000000000000000000000070997970c51812dc3a010c7d01b50e0d17dc79c80000000000000000000000000000000000000000000000000000000000000060000000000000000000000000000000000000000000000000002386f26fc10000000000000000000000000000000000000000000000000000000000000000000e52656c656173696e6720526f6f6d000000000000000000000000000000000000
61;HotelRoomBug;CheckIn;0x00000000000000000000000070997970c51812dc3a010c7d01b50e0d17dc79c80000000000000000000000000000000000000000000000000000000000000060000000000000000000000000000000000000000000000000000009184e72a0000000000000000000000000000000000000000000000000000000000000000028526f6f6d206265696e67207265736572766564206d6f6e657920776173207472616e736665726564000000000000000000000000000000000000000000000000
61;HotelRoomBug;CheckOut;0x00000000000000000000000070997970c51812dc3a010c7d01b50e0d17dc79c80000000000000000000000000000000000000000000000000000000000000060000000000000000000000000000000000000000000000000002386f26fc10000000000000000000000000000000000000000000000000000000000000000000e52656c656173696e6720526f6f6d000000000000000000000000000000000000
60;HotelRoomBug;CheckIn;0x00000000000000000000000070997970c51812dc3a010c7d01b50e0d17dc79c80000000000000000000000000000000000000000000000000000000000000060000000000000000000000000000000000000000000000000000009184e72a0000000000000000000000000000000000000000000000000000000000000000028526f6f6d206265696e67207265736572766564206d6f6e657920776173207472616e736665726564000000000000000000000000000000000000000000000000
60;HotelRoomBug;CheckOut;0x00000000000000000000000070997970c51812dc3a010c7d01b50e0d17dc79c80000000000000000000000000000000000000000000000000000000000000060000000000000000000000000000000000000000000000000002386f26fc10000000000000000000000000000000000000000000000000000000000000000000e52656c656173696e6720526f6f6d000000000000000000000000000000000000
59;HotelRoomBug;CheckIn;0x00000000000000000000000070997970c51812dc3a010c7d01b50e0d17dc79c80000000000000000000000000000000000000000000000000000000000000060000000000000000000000000000000000000000000000000000009184e72a0000000000000000000000000000000000000000000000000000000000000000028526f6f6d206265696e67207265736572766564206d6f6e657920776173207472616e736665726564000000000000000000000000000000000000000000000000
59;HotelRoomBug;CheckOut;0x00000000000000000000000070997970c51812dc3a010c7d01b50e0d17dc79c80000000000000000000000000000000000000000000000000000000000000060000000000000000000000000000000000000000000000000002386f26fc10000000000000000000000000000000000000000000000000000000000000000000e52656c656173696e6720526f6f6d000000000000000000000000000000000000
58;HotelRoomBug;CheckIn;0x00000000000000000000000070997970c51812dc3a010c7d01b50e0d17dc79c80000000000000000000000000000000000000000000000000000000000000060000000000000000000000000000000000000000000000000000009184e72a0000000000000000000000000000000000000000000000000000000000000000028526f6f6d206265696e67207265736572766564206d6f6e657920776173207472616e736665726564000000000000000000000000000000000000000000000000
58;HotelRoomBug;CheckOut;0x00000000000000000000000070997970c51812dc3a010c7d01b50e0d17dc79c80000000000000000000000000000000000000000000000000000000000000060000000000000000000000000000000000000000000000000002386f26fc10000000000000000000000000000000000000000000000000000000000000000000e52656c656173696e6720526f6f6d000000000000000000000000000000000000
57;HotelRoomBug;CheckIn;0x00000000000000000000000070997970c51812dc3a010c7d01b50e0d17dc79c80000000000000000000000000000000000000000000000000000000000000060000000000000000000000000000000000000000000000000000009184e72a0000000000000000000000000000000000000000000000000000000000000000028526f6f6d206265696e67207265736572766564206d6f6e657920776173207472616e736665726564000000000000000000000000000000000000000000000000
57;HotelRoomBug;CheckOut;0x00000000000000000000000070997970c51812dc3a010c7d01b50e0d17dc79c80000000000000000000000000000000000000000000000000000000000000060000000000000000000000000000000000000000000000000002386f26fc10000000000000000000000000000000000000000000000000000000000000000000e52656c656173696e6720526f6f6d000000000000000000000000000000000000
56;HotelRoomBug;CheckIn;0x00000000000000000000000070997970c51812dc3a010c7d01b50e0d17dc79c80000000000000000000000000000000000000000000000000000000000000060000000000000000000000000000000000000000000000000000009184e72a0000000000000000000000000000000000000000000000000000000000000000028526f6f6d206265696e67207265736572766564206d6f6e657920776173207472616e736665726564000000000000000000000000000000000000000000000000
56;HotelRoomBug;CheckOut;0x00000000000000000000000070997970c51812dc3a010c7d01b50e0d17dc79c80000000000000000000000000000000000000000000000000000000000000060000000000000000000000000000000000000000000000000002386f26fc10000000000000000000000000000000000000000000000000000000000000000000e52656c656173696e6720526f6f6d000000000000000000000000000000000000
55;HotelRoomBug;CheckIn;0x00000000000000000000000070997970c51812dc3a010c7d01b50e0d17dc79c80000000000000000000000000000000000000000000000000000000000000060000000000000000000000000000000000000000000000000000009184e72a0000000000000000000000000000000000000000000000000000000000000000028526f6f6d206265696e67207265736572766564206d6f6e657920776173207472616e736665726564000000000000000000000000000000000000000000000000
55;HotelRoomBug;CheckOut;0x00000000000000000000000070997970c51812dc3a010c7d01b50e0d17dc79c80000000000000000000000000000000000000000000000000000000000000060000000000000000000000000000000000000000000000000002386f26fc10000000000000000000000000000000000000000000000000000000000000000000e52656c656173696e6720526f6f6d000000000000000000000000000000000000
54;HotelRoomBug;CheckIn;0x00000000000000000000000070997970c51812dc3a010c7d01b50e0d17dc79c80000000000000000000000000000000000000000000000000000000000000060000000000000000000000000000000000000000000000000000009184e72a0000000000000000000000000000000000000000000000000000000000000000028526f6f6d206265696e67207265736572766564206d6f6e657920776173207472616e736665726564000000000000000000000000000000000000000000000000
54;HotelRoomBug;CheckOut;0x00000000000000000000000070997970c51812dc3a010c7d01b50e0d17dc79c80000000000000000000000000000000000000000000000000000000000000060000000000000000000000000000000000000000000000000002386f26fc10000000000000000000000000000000000000000000000000000000000000000000e52656c656173696e6720526f6f6d000000000000000000000000000000000000
53;HotelRoomBug;CheckIn;0x00000000000000000000000070997970c51812dc3a010c7d01b50e0d17dc79c80000000000000000000000000000000000000000000000000000000000000060000000000000000000000000000000000000000000000000000009184e72a0000000000000000000000000000000000000000000000000000000000000000028526f6f6d206265696e67207265736572766564206d6f6e657920776173207472616e736665726564000000000000000000000000000000000000000000000000
53;HotelRoomBug;CheckOut;0x00000000000000000000000070997970c51812dc3a010c7d01b50e0d17dc79c80000000000000000000000000000000000000000000000000000000000000060000000000000000000000000000000000000000000000000002386f26fc10000000000000000000000000000000000000000000000000000000000000000000e52656c656173696e6720526f6f6d000000000000000000000000000000000000
52;HotelRoomBug;CheckIn;0x00000000000000000000000070997970c51812dc3a010c7d01b50e0d17dc79c80000000000000000000000000000000000000000000000000000000000000060000000000000000000000000000000000000000000000000000009184e72a0000000000000000000000000000000000000000000000000000000000000000028526f6f6d206265696e67207265736572766564206d6f6e657920776173207472616e736665726564000000000000000000000000000000000000000000000000
52;HotelRoomBug;CheckOut;0x00000000000000000000000070997970c51812dc3a010c7d01b50e0d17dc79c80000000000000000000000000000000000000000000000000000000000000060000000000000000000000000000000000000000000000000002386f26fc10000000000000000000000000000000000000000000000000000000000000000000e52656c656173696e6720526f6f6d000000000000000000000000000000000000
51;HotelRoomBug;CheckIn;0x00000000000000000000000070997970c51812dc3a010c7d01b50e0d17dc79c80000000000000000000000000000000000000000000000000000000000000060000000000000000000000000000000000000000000000000000009184e72a0000000000000000000000000000000000000000000000000000000000000000028526f6f6d206265696e67207265736572766564206d6f6e657920776173207472616e736665726564000000000000000000000000000000000000000000000000
51;HotelRoomBug;CheckOut;0x00000000000000000000000070997970c51812dc3a010c7d01b50e0d17dc79c80000000000000000000000000000000000000000000000000000000000000060000000000000000000000000000000000000000000000000002386f26fc10000000000000000000000000000000000000000000000000000000000000000000e52656c656173696e6720526f6f6d000000000000000000000000000000000000
50;HotelRoomBug;CheckIn;0x00000000000000000000000070997970c51812dc3a010c7d01b50e0d17dc79c80000000000000000000000000000000000000000000000000000000000000060000000000000000000000000000000000000000000000000000009184e72a0000000000000000000000000000000000000000000000000000000000000000028526f6f6d206265696e67207265736572766564206d6f6e657920776173207472616e736665726564000000000000000000000000000000000000000000000000
50;HotelRoomBug;CheckOut;0x00000000000000000000000070997970c51812dc3a010c7d01b50e0d17dc79c80000000000000000000000000000000000000000000000000000000000000060000000000000000000000000000000000000000000000000002386f26fc10000000000000000000000000000000000000000000000000000000000000000000e52656c656173696e6720526f6f6d000000000000000000000000000000000000
49;HotelRoomBug;CheckIn;0x00000000000000000000000070997970c51812dc3a010c7d01b50e0d17dc79c80000000000000000000000000000000000000000000000000000000000000060000000000000000000000000000000000000000000000000000009184e72a0000000000000000000000000000000000000000000000000000000000000000028526f6f6d206265696e67207265736572766564206d6f6e657920776173207472616e736665726564000000000000000000000000000000000000000000000000
49;HotelRoomBug;CheckOut;0x00000000000000000000000070997970c51812dc3a010c7d01b50e0d17dc79c80000000000000000000000000000000000000000000000000000000000000060000000000000000000000000000000000000000000000000002386f26fc10000000000000000000000000000000000000000000000000000000000000000000e52656c656173696e6720526f6f6d000000000000000000000000000000000000
48;HotelRoomBug;CheckIn;0x00000000000000000000000070997970c51812dc3a010c7d01b50e0d17dc79c80000000000000000000000000000000000000000000000000000000000000060000000000000000000000000000000000000000000000000000009184e72a0000000000000000000000000000000000000000000000000000000000000000028526f6f6d206265696e67207265736572766564206d6f6e657920776173207472616e736665726564000000000000000000000000000000000000000000000000
48;HotelRoomBug;CheckOut;0x00000000000000000000000070997970c51812dc3a010c7d01b50e0d17dc79c80000000000000000000000000000000000000000000000000000000000000060000000000000000000000000000000000000000000000000002386f26fc10000000000000000000000000000000000000000000000000000000000000000000e52656c656173696e6720526f6f6d000000000000000000000000000000000000
47;HotelRoomBug;CheckIn;0x00000000000000000000000070997970c51812dc3a010c7d01b50e0d17dc79c80000000000000000000000000000000000000000000000000000000000000060000000000000000000000000000000000000000000000000000009184e72a0000000000000000000000000000000000000000000000000000000000000000028526f6f6d206265696e67207265736572766564206d6f6e657920776173207472616e736665726564000000000000000000000000000000000000000000000000
47;HotelRoomBug;CheckOut;0x00000000000000000000000070997970c51812dc3a010c7d01b50e0d17dc79c80000000000000000000000000000000000000000000000000000000000000060000000000000000000000000000000000000000000000000002386f26fc10000000000000000000000000000000000000000000000000000000000000000000e52656c656173696e6720526f6f6d000000000000000000000000000000000000
46;HotelRoomBug;CheckIn;0x00000000000000000000000070997970c51812dc3a010c7d01b50e0d17dc79c80000000000000000000000000000000000000000000000000000000000000060000000000000000000000000000000000000000000000000000009184e72a0000000000000000000000000000000000000000000000000000000000000000028526f6f6d206265696e67207265736572766564206d6f6e657920776173207472616e736665726564000000000000000000000000000000000000000000000000
46;HotelRoomBug;CheckOut;0x00000000000000000000000070997970c51812dc3a010c7d01b50e0d17dc79c80000000000000000000000000000000000000000000000000000000000000060000000000000000000000000000000000000000000000000002386f26fc10000000000000000000000000000000000000000000000000000000000000000000e52656c656173696e6720526f6f6d000000000000000000000000000000000000
45;HotelRoomBug;CheckIn;0x00000000000000000000000070997970c51812dc3a010c7d01b50e0d17dc79c80000000000000000000000000000000000000000000000000000000000000060000000000000000000000000000000000000000000000000000009184e72a0000000000000000000000000000000000000000000000000000000000000000028526f6f6d206265696e67207265736572766564206d6f6e657920776173207472616e736665726564000000000000000000000000000000000000000000000000
45;HotelRoomBug;CheckOut;0x00000000000000000000000070997970c51812dc3a010c7d01b50e0d17dc79c80000000000000000000000000000000000000000000000000000000000000060000000000000000000000000000000000000000000000000002386f26fc10000000000000000000000000000000000000000000000000000000000000000000e52656c656173696e6720526f6f6d000000000000000000000000000000000000
44;HotelRoomBug;CheckIn;0x00000000000000000000000070997970c51812dc3a010c7d01b50e0d17dc79c80000000000000000000000000000000000000000000000000000000000000060000000000000000000000000000000000000000000000000000009184e72a0000000000000000000000000000000000000000000000000000000000000000028526f6f6d206265696e67207265736572766564206d6f6e657920776173207472616e736665726564000000000000000000000000000000000000000000000000
44;HotelRoomBug;CheckOut;0x00000000000000000000000070997970c51812dc3a010c7d01b50e0d17dc79c80000000000000000000000000000000000000000000000000000000000000060000000000000000000000000000000000000000000000000002386f26fc10000000000000000000000000000000000000000000000000000000000000000000e52656c656173696e6720526f6f6d000000000000000000000000000000000000
43;HotelRoomBug;CheckIn;0x00000000000000000000000070997970c51812dc3a010c7d01b50e0d17dc79c80000000000000000000000000000000000000000000000000000000000000060000000000000000000000000000000000000000000000000000009184e72a0000000000000000000000000000000000000000000000000000000000000000028526f6f6d206265696e67207265736572766564206d6f6e657920776173207472616e736665726564000000000000000000000000000000000000000000000000
43;HotelRoomBug;CheckOut;0x00000000000000000000000070997970c51812dc3a010c7d01b50e0d17dc79c80000000000000000000000000000000000000000000000000000000000000060000000000000000000000000000000000000000000000000002386f26fc10000000000000000000000000000000000000000000000000000000000000000000e52656c656173696e6720526f6f6d000000000000000000000000000000000000
42;HotelRoomBug;CheckIn;0x00000000000000000000000070997970c51812dc3a010c7d01b50e0d17dc79c80000000000000000000000000000000000000000000000000000000000000060000000000000000000000000000000000000000000000000000009184e72a0000000000000000000000000000000000000000000000000000000000000000028526f6f6d206265696e67207265736572766564206d6f6e657920776173207472616e736665726564000000000000000000000000000000000000000000000000
42;HotelRoomBug;CheckOut;0x00000000000000000000000070997970c51812dc3a010c7d01b50e0d17dc79c80000000000000000000000000000000000000000000000000000000000000060000000000000000000000000000000000000000000000000002386f26fc10000000000000000000000000000000000000000000000000000000000000000000e52656c656173696e6720526f6f6d000000000000000000000000000000000000
41;HotelRoomBug;CheckIn;0x00000000000000000000000070997970c51812dc3a010c7d01b50e0d17dc79c80000000000000000000000000000000000000000000000000000000000000060000000000000000000000000000000000000000000000000000009184e72a0000000000000000000000000000000000000000000000000000000000000000028526f6f6d206265696e67207265736572766564206d6f6e657920776173207472616e736665726564000000000000000000000000000000000000000000000000
41;HotelRoomBug;CheckOut;0x00000000000000000000000070997970c51812dc3a010c7d01b50e0d17dc79c80000000000000000000000000000000000000000000000000000000000000060000000000000000000000000000000000000000000000000002386f26fc10000000000000000000000000000000000000000000000000000000000000000000e52656c656173696e6720526f6f6d000000000000000000000000000000000000
40;HotelRoomBug;CheckIn;0x00000000000000000000000070997970c51812dc3a010c7d01b50e0d17dc79c80000000000000000000000000000000000000000000000000000000000000060000000000000000000000000000000000000000000000000000009184e72a0000000000000000000000000000000000000000000000000000000000000000028526f6f6d206265696e67207265736572766564206d6f6e657920776173207472616e736665726564000000000000000000000000000000000000000000000000
40;HotelRoomBug;CheckOut;0x00000000000000000000000070997970c51812dc3a010c7d01b50e0d17dc79c80000000000000000000000000000000000000000000000000000000000000060000000000000000000000000000000000000000000000000002386f26fc10000000000000000000000000000000000000000000000000000000000000000000e52656c656173696e6720526f6f6d000000000000000000000000000000000000
39;HotelRoomBug;CheckIn;0x00000000000000000000000070997970c51812dc3a010c7d01b50e0d17dc79c80000000000000000000000000000000000000000000000000000000000000060000000000000000000000000000000000000000000000000000009184e72a0000000000000000000000000000000000000000000000000000000000000000028526f6f6d206265696e67207265736572766564206d6f6e657920776173207472616e736665726564000000000000000000000000000000000000000000000000
39;HotelRoomBug;CheckOut;0x00000000000000000000000070997970c51812dc3a010c7d01b50e0d17dc79c80000000000000000000000000000000000000000000000000000000000000060000000000000000000000000000000000000000000000000002386f26fc10000000000000000000000000000000000000000000000000000000000000000000e52656c656173696e6720526f6f6d000000000000000000000000000000000000
38;HotelRoomBug;CheckIn;0x00000000000000000000000070997970c51812dc3a010c7d01b50e0d17dc79c80000000000000000000000000000000000000000000000000000000000000060000000000000000000000000000000000000000000000000000009184e72a0000000000000000000000000000000000000000000000000000000000000000028526f6f6d206265696e67207265736572766564206d6f6e657920776173207472616e736665726564000000000000000000000000000000000000000000000000
38;HotelRoomBug;CheckOut;0x00000000000000000000000070997970c51812dc3a010c7d01b50e0d17dc79c80000000000000000000000000000000000000000000000000000000000000060000000000000000000000000000000000000000000000000002386f26fc10000000000000000000000000000000000000000000000000000000000000000000e52656c656173696e6720526f6f6d000000000000000000000000000000000000
37;HotelRoomBug;CheckIn;0x00000000000000000000000070997970c51812dc3a010c7d01b50e0d17dc79c80000000000000000000000000000000000000000000000000000000000000060000000000000000000000000000000000000000000000000000009184e72a0000000000000000000000000000000000000000000000000000000000000000028526f6f6d206265696e67207265736572766564206d6f6e657920776173207472616e736665726564000000000000000000000000000000000000000000000000
37;HotelRoomBug;CheckOut;0x00000000000000000000000070997970c51812dc3a010c7d01b50e0d17dc79c80000000000000000000000000000000000000000000000000000000000000060000000000000000000000000000000000000000000000000002386f26fc10000000000000000000000000000000000000000000000000000000000000000000e52656c656173696e6720526f6f6d000000000000000000000000000000000000
36;HotelRoomBug;CheckIn;0x00000000000000000000000070997970c51812dc3a010c7d01b50e0d17dc79c80000000000000000000000000000000000000000000000000000000000000060000000000000000000000000000000000000000000000000000009184e72a0000000000000000000000000000000000000000000000000000000000000000028526f6f6d206265696e67207265736572766564206d6f6e657920776173207472616e736665726564000000000000000000000000000000000000000000000000
36;HotelRoomBug;CheckOut;0x00000000000000000000000070997970c51812dc3a010c7d01b50e0d17dc79c80000000000000000000000000000000000000000000000000000000000000060000000000000000000000000000000000000000000000000002386f26fc10000000000000000000000000000000000000000000000000000000000000000000e52656c656173696e6720526f6f6d000000000000000000000000000000000000
35;HotelRoomBug;CheckIn;0x00000000000000000000000070997970c51812dc3a010c7d01b50e0d17dc79c80000000000000000000000000000000000000000000000000000000000000060000000000000000000000000000000000000000000000000000009184e72a0000000000000000000000000000000000000000000000000000000000000000028526f6f6d206265696e67207265736572766564206d6f6e657920776173207472616e736665726564000000000000000000000000000000000000000000000000
35;HotelRoomBug;CheckOut;0x00000000000000000000000070997970c51812dc3a010c7d01b50e0d17dc79c80000000000000000000000000000000000000000000000000000000000000060000000000000000000000000000000000000000000000000002386f26fc10000000000000000000000000000000000000000000000000000000000000000000e52656c656173696e6720526f6f6d000000000000000000000000000000000000
34;HotelRoomBug;CheckIn;0x00000000000000000000000070997970c51812dc3a010c7d01b50e0d17dc79c80000000000000000000000000000000000000000000000000000000000000060000000000000000000000000000000000000000000000000000009184e72a0000000000000000000000000000000000000000000000000000000000000000028526f6f6d206265696e67207265736572766564206d6f6e657920776173207472616e736665726564000000000000000000000000000000000000000000000000
34;HotelRoomBug;CheckOut;0x00000000000000000000000070997970c51812dc3a010c7d01b50e0d17dc79c80000000000000000000000000000000000000000000000000000000000000060000000000000000000000000000000000000000000000000002386f26fc10000000000000000000000000000000000000000000000000000000000000000000e52656c656173696e6720526f6f6d000000000000000000000000000000000000
33;HotelRoomBug;CheckIn;0x00000000000000000000000070997970c51812dc3a010c7d01b50e0d17dc79c80000000000000000000000000000000000000000000000000000000000000060000000000000000000000000000000000000000000000000000009184e72a0000000000000000000000000000000000000000000000000000000000000000028526f6f6d206265696e67207265736572766564206d6f6e657920776173207472616e736665726564000000000000000000000000000000000000000000000000
33;HotelRoomBug;CheckOut;0x00000000000000000000000070997970c51812dc3a010c7d01b50e0d17dc79c80000000000000000000000000000000000000000000000000000000000000060000000000000000000000000000000000000000000000000002386f26fc10000000000000000000000000000000000000000000000000000000000000000000e52656c656173696e6720526f6f6d000000000000000000000000000000000000
32;HotelRoomBug;CheckIn;0x00000000000000000000000070997970c51812dc3a010c7d01b50e0d17dc79c80000000000000000000000000000000000000000000000000000000000000060000000000000000000000000000000000000000000000000000009184e72a0000000000000000000000000000000000000000000000000000000000000000028526f6f6d206265696e67207265736572766564206d6f6e657920776173207472616e736665726564000000000000000000000000000000000000000000000000
32;HotelRoomBug;CheckOut;0x00000000000000000000000070997970c51812dc3a010c7d01b50e0d17dc79c80000000000000000000000000000000000000000000000000000000000000060000000000000000000000000000000000000000000000000002386f26fc10000000000000000000000000000000000000000000000000000000000000000000e52656c656173696e6720526f6f6d000000000000000000000000000000000000
31;HotelRoomBug;CheckIn;0x00000000000000000000000070997970c51812dc3a010c7d01b50e0d17dc79c80000000000000000000000000000000000000000000000000000000000000060000000000000000000000000000000000000000000000000000009184e72a0000000000000000000000000000000000000000000000000000000000000000028526f6f6d206265696e67207265736572766564206d6f6e657920776173207472616e736665726564000000000000000000000000000000000000000000000000
31;HotelRoomBug;CheckOut;0x00000000000000000000000070997970c51812dc3a010c7d01b50e0d17dc79c80000000000000000000000000000000000000000000000000000000000000060000000000000000000000000000000000000000000000000002386f26fc10000000000000000000000000000000000000000000000000000000000000000000e52656c656173696e6720526f6f6d000000000000000000000000000000000000
30;HotelRoomBug;CheckIn;0x00000000000000000000000070997970c51812dc3a010c7d01b50e0d17dc79c80000000000000000000000000000000000000000000000000000000000000060000000000000000000000000000000000000000000000000000009184e72a0000000000000000000000000000000000000000000000000000000000000000028526f6f6d206265696e67207265736572766564206d6f6e657920776173207472616e736665726564000000000000000000000000000000000000000000000000
30;HotelRoomBug;CheckOut;0x00000000000000000000000070997970c51812dc3a010c7d01b50e0d17dc79c80000000000000000000000000000000000000000000000000000000000000060000000000000000000000000000000000000000000000000002386f26fc10000000000000000000000000000000000000000000000000000000000000000000e52656c656173696e6720526f6f6d000000000000000000000000000000000000
29;HotelRoomBug;CheckIn;0x00000000000000000000000070997970c51812dc3a010c7d01b50e0d17dc79c80000000000000000000000000000000000000000000000000000000000000060000000000000000000000000000000000000000000000000000009184e72a0000000000000000000000000000000000000000000000000000000000000000028526f6f6d206265696e67207265736572766564206d6f6e657920776173207472616e736665726564000000000000000000000000000000000000000000000000
29;HotelRoomBug;CheckOut;0x00000000000000000000000070997970c51812dc3a010c7d01b50e0d17dc79c80000000000000000000000000000000000000000000000000000000000000060000000000000000000000000000000000000000000000000002386f26fc10000000000000000000000000000000000000000000000000000000000000000000e52656c656173696e6720526f6f6d000000000000000000000000000000000000
28;HotelRoomBug;CheckIn;0x00000000000000000000000070997970c51812dc3a010c7d01b50e0d17dc79c80000000000000000000000000000000000000000000000000000000000000060000000000000000000000000000000000000000000000000000009184e72a0000000000000000000000000000000000000000000000000000000000000000028526f6f6d206265696e67207265736572766564206d6f6e657920776173207472616e736665726564000000000000000000000000000000000000000000000000
28;HotelRoomBug;CheckOut;0x00000000000000000000000070997970c51812dc3a010c7d01b50e0d17dc79c80000000000000000000000000000000000000000000000000000000000000060000000000000000000000000000000000000000000000000002386f26fc10000000000000000000000000000000000000000000000000000000000000000000e52656c656173696e6720526f6f6d000000000000000000000000000000000000
27;HotelRoomBug;CheckIn;0x00000000000000000000000070997970c51812dc3a010c7d01b50e0d17dc79c80000000000000000000000000000000000000000000000000000000000000060000000000000000000000000000000000000000000000000000009184e72a0000000000000000000000000000000000000000000000000000000000000000028526f6f6d206265696e67207265736572766564206d6f6e657920776173207472616e736665726564000000000000000000000000000000000000000000000000
27;HotelRoomBug;CheckOut;0x00000000000000000000000070997970c51812dc3a010c7d01b50e0d17dc79c80000000000000000000000000000000000000000000000000000000000000060000000000000000000000000000000000000000000000000002386f26fc10000000000000000000000000000000000000000000000000000000000000000000e52656c656173696e6720526f6f6d000000000000000000000000000000000000
26;HotelRoomBug;CheckIn;0x00000000000000000000000070997970c51812dc3a010c7d01b50e0d17dc79c80000000000000000000000000000000000000000000000000000000000000060000000000000000000000000000000000000000000000000000009184e72a0000000000000000000000000000000000000000000000000000000000000000028526f6f6d206265696e67207265736572766564206d6f6e657920776173207472616e736665726564000000000000000000000000000000000000000000000000
26;HotelRoomBug;CheckOut;0x00000000000000000000000070997970c51812dc3a010c7d01b50e0d17dc79c80000000000000000000000000000000000000000000000000000000000000060000000000000000000000000000000000000000000000000002386f26fc10000000000000000000000000000000000000000000000000000000000000000000e52656c656173696e6720526f6f6d000000000000000000000000000000000000
25;HotelRoomBug;CheckIn;0x00000000000000000000000070997970c51812dc3a010c7d01b50e0d17dc79c80000000000000000000000000000000000000000000000000000000000000060000000000000000000000000000000000000000000000000000009184e72a0000000000000000000000000000000000000000000000000000000000000000028526f6f6d206265696e67207265736572766564206d6f6e657920776173207472616e736665726564000000000000000000000000000000000000000000000000
25;HotelRoomBug;CheckOut;0x00000000000000000000000070997970c51812dc3a010c7d01b50e0d17dc79c80000000000000000000000000000000000000000000000000000000000000060000000000000000000000000000000000000000000000000002386f26fc10000000000000000000000000000000000000000000000000000000000000000000e52656c656173696e6720526f6f6d000000000000000000000000000000000000
24;HotelRoomBug;CheckIn;0x00000000000000000000000070997970c51812dc3a010c7d01b50e0d17dc79c80000000000000000000000000000000000000000000000000000000000000060000000000000000000000000000000000000000000000000000009184e72a0000000000000000000000000000000000000000000000000000000000000000028526f6f6d206265696e67207265736572766564206d6f6e657920776173207472616e736665726564000000000000000000000000000000000000000000000000
24;HotelRoomBug;CheckOut;0x00000000000000000000000070997970c51812dc3a010c7d01b50e0d17dc79c80000000000000000000000000000000000000000000000000000000000000060000000000000000000000000000000000000000000000000002386f26fc10000000000000000000000000000000000000000000000000000000000000000000e52656c656173696e6720526f6f6d000000000000000000000000000000000000
23;HotelRoomBug;CheckIn;0x00000000000000000000000070997970c51812dc3a010c7d01b50e0d17dc79c80000000000000000000000000000000000000000000000000000000000000060000000000000000000000000000000000000000000000000000009184e72a0000000000000000000000000000000000000000000000000000000000000000028526f6f6d206265696e67207265736572766564206d6f6e657920776173207472616e736665726564000000000000000000000000000000000000000000000000
23;HotelRoomBug;CheckOut;0x00000000000000000000000070997970c51812dc3a010c7d01b50e0d17dc79c80000000000000000000000000000000000000000000000000000000000000060000000000000000000000000000000000000000000000000002386f26fc10000000000000000000000000000000000000000000000000000000000000000000e52656c656173696e6720526f6f6d000000000000000000000000000000000000
22;HotelRoomBug;CheckIn;0x00000000000000000000000070997970c51812dc3a010c7d01b50e0d17dc79c80000000000000000000000000000000000000000000000000000000000000060000000000000000000000000000000000000000000000000000009184e72a0000000000000000000000000000000000000000000000000000000000000000028526f6f6d206265696e67207265736572766564206d6f6e657920776173207472616e736665726564000000000000000000000000000000000000000000000000
22;HotelRoomBug;CheckOut;0x00000000000000000000000070997970c51812dc3a010c7d01b50e0d17dc79c80000000000000000000000000000000000000000000000000000000000000060000000000000000000000000000000000000000000000000002386f26fc10000000000000000000000000000000000000000000000000000000000000000000e52656c656173696e6720526f6f6d000000000000000000000000000000000000
21;HotelRoomBug;CheckIn;0x00000000000000000000000070997970c51812dc3a010c7d01b50e0d17dc79c80000000000000000000000000000000000000000000000000000000000000060000000000000000000000000000000000000000000000000000009184e72a0000000000000000000000000000000000000000000000000000000000000000028526f6f6d206265696e67207265736572766564206d6f6e657920776173207472616e736665726564000000000000000000000000000000000000000000000000
21;HotelRoomBug;CheckOut;0x00000000000000000000000070997970c51812dc3a010c7d01b50e0d17dc79c80000000000000000000000000000000000000000000000000000000000000060000000000000000000000000000000000000000000000000002386f26fc10000000000000000000000000000000000000000000000000000000000000000000e52656c656173696e6720526f6f6d000000000000000000000000000000000000
20;HotelRoomBug;CheckIn;0x00000000000000000000000070997970c51812dc3a010c7d01b50e0d17dc79c80000000000000000000000000000000000000000000000000000000000000060000000000000000000000000000000000000000000000000000009184e72a0000000000000000000000000000000000000000000000000000000000000000028526f6f6d206265696e67207265736572766564206d6f6e657920776173207472616e736665726564000000000000000000000000000000000000000000000000
20;HotelRoomBug;CheckOut;0x00000000000000000000000070997970c51812dc3a010c7d01b50e0d17dc79c80000000000000000000000000000000000000000000000000000000000000060000000000000000000000000000000000000000000000000002386f26fc10000000000000000000000000000000000000000000000000000000000000000000e52656c656173696e6720526f6f6d000000000000000000000000000000000000
19;HotelRoomBug;CheckIn;0x00000000000000000000000070997970c51812dc3a010c7d01b50e0d17dc79c80000000000000000000000000000000000000000000000000000000000000060000000000000000000000000000000000000000000000000000009184e72a0000000000000000000000000000000000000000000000000000000000000000028526f6f6d206265696e67207265736572766564206d6f6e657920776173207472616e736665726564000000000000000000000000000000000000000000000000
19;HotelRoomBug;CheckOut;0x00000000000000000000000070997970c51812dc3a010c7d01b50e0d17dc79c80000000000000000000000000000000000000000000000000000000000000060000000000000000000000000000000000000000000000000002386f26fc10000000000000000000000000000000000000000000000000000000000000000000e52656c656173696e6720526f6f6d000000000000000000000000000000000000
18;HotelRoomBug;CheckIn;0x00000000000000000000000070997970c51812dc3a010c7d01b50e0d17dc79c80000000000000000000000000000000000000000000000000000000000000060000000000000000000000000000000000000000000000000000009184e72a0000000000000000000000000000000000000000000000000000000000000000028526f6f6d206265696e67207265736572766564206d6f6e657920776173207472616e736665726564000000000000000000000000000000000000000000000000
18;HotelRoomBug;CheckOut;0x00000000000000000000000070997970c51812dc3a010c7d01b50e0d17dc79c80000000000000000000000000000000000000000000000000000000000000060000000000000000000000000000000000000000000000000002386f26fc10000000000000000000000000000000000000000000000000000000000000000000e52656c656173696e6720526f6f6d000000000000000000000000000000000000
17;HotelRoomBug;CheckIn;0x00000000000000000000000070997970c51812dc3a010c7d01b50e0d17dc79c80000000000000000000000000000000000000000000000000000000000000060000000000000000000000000000000000000000000000000000009184e72a0000000000000000000000000000000000000000000000000000000000000000028526f6f6d206265696e67207265736572766564206d6f6e657920776173207472616e736665726564000000000000000000000000000000000000000000000000
17;HotelRoomBug;CheckOut;0x00000000000000000000000070997970c51812dc3a010c7d01b50e0d17dc79c80000000000000000000000000000000000000000000000000000000000000060000000000000000000000000000000000000000000000000002386f26fc10000000000000000000000000000000000000000000000000000000000000000000e52656c656173696e6720526f6f6d000000000000000000000000000000000000
16;HotelRoomBug;CheckIn;0x00000000000000000000000070997970c51812dc3a010c7d01b50e0d17dc79c80000000000000000000000000000000000000000000000000000000000000060000000000000000000000000000000000000000000000000000009184e72a0000000000000000000000000000000000000000000000000000000000000000028526f6f6d206265696e67207265736572766564206d6f6e657920776173207472616e736665726564000000000000000000000000000000000000000000000000
16;HotelRoomBug;CheckOut;0x00000000000000000000000070997970c51812dc3a010c7d01b50e0d17dc79c80000000000000000000000000000000000000000000000000000000000000060000000000000000000000000000000000000000000000000002386f26fc10000000000000000000000000000000000000000000000000000000000000000000e52656c656173696e6720526f6f6d000000000000000000000000000000000000
15;HotelRoomBug;CheckIn;0x00000000000000000000000070997970c51812dc3a010c7d01b50e0d17dc79c80000000000000000000000000000000000000000000000000000000000000060000000000000000000000000000000000000000000000000000009184e72a0000000000000000000000000000000000000000000000000000000000000000028526f6f6d206265696e67207265736572766564206d6f6e657920776173207472616e736665726564000000000000000000000000000000000000000000000000
15;HotelRoomBug;CheckOut;0x00000000000000000000000070997970c51812dc3a010c7d01b50e0d17dc79c80000000000000000000000000000000000000000000000000000000000000060000000000000000000000000000000000000000000000000002386f26fc10000000000000000000000000000000000000000000000000000000000000000000e52656c656173696e6720526f6f6d000000000000000000000000000000000000
14;HotelRoomBug;CheckIn;0x00000000000000000000000070997970c51812dc3a010c7d01b50e0d17dc79c80000000000000000000000000000000000000000000000000000000000000060000000000000000000000000000000000000000000000000000009184e72a0000000000000000000000000000000000000000000000000000000000000000028526f6f6d206265696e67207265736572766564206d6f6e657920776173207472616e736665726564000000000000000000000000000000000000000000000000
14;HotelRoomBug;CheckOut;0x00000000000000000000000070997970c51812dc3a010c7d01b50e0d17dc79c80000000000000000000000000000000000000000000000000000000000000060000000000000000000000000000000000000000000000000002386f26fc10000000000000000000000000000000000000000000000000000000000000000000e52656c656173696e6720526f6f6d000000000000000000000000000000000000
13;HotelRoomBug;CheckIn;0x00000000000000000000000070997970c51812dc3a010c7d01b50e0d17dc79c80000000000000000000000000000000000000000000000000000000000000060000000000000000000000000000000000000000000000000000009184e72a0000000000000000000000000000000000000000000000000000000000000000028526f6f6d206265696e67207265736572766564206d6f6e657920776173207472616e736665726564000000000000000000000000000000000000000000000000
13;HotelRoomBug;CheckOut;0x00000000000000000000000070997970c51812dc3a010c7d01b50e0d17dc79c80000000000000000000000000000000000000000000000000000000000000060000000000000000000000000000000000000000000000000002386f26fc10000000000000000000000000000000000000000000000000000000000000000000e52656c656173696e6720526f6f6d000000000000000000000000000000000000
12;HotelRoomBug;CheckIn;0x00000000000000000000000070997970c51812dc3a010c7d01b50e0d17dc79c80000000000000000000000000000000000000000000000000000000000000060000000000000000000000000000000000000000000000000000009184e72a0000000000000000000000000000000000000000000000000000000000000000028526f6f6d206265696e67207265736572766564206d6f6e657920776173207472616e736665726564000000000000000000000000000000000000000000000000
12;HotelRoomBug;CheckOut;0x00000000000000000000000070997970c51812dc3a010c7d01b50e0d17dc79c80000000000000000000000000000000000000000000000000000000000000060000000000000000000000000000000000000000000000000002386f26fc10000000000000000000000000000000000000000000000000000000000000000000e52656c656173696e6720526f6f6d000000000000000000000000000000000000
11;HotelRoomBug;CheckIn;0x00000000000000000000000070997970c51812dc3a010c7d01b50e0d17dc79c80000000000000000000000000000000000000000000000000000000000000060000000000000000000000000000000000000000000000000000009184e72a0000000000000000000000000000000000000000000000000000000000000000028526f6f6d206265696e67207265736572766564206d6f6e657920776173207472616e736665726564000000000000000000000000000000000000000000000000
11;HotelRoomBug;CheckOut;0x00000000000000000000000070997970c51812dc3a010c7d01b50e0d17dc79c80000000000000000000000000000000000000000000000000000000000000060000000000000000000000000000000000000000000000000002386f26fc10000000000000000000000000000000000000000000000000000000000000000000e52656c656173696e6720526f6f6d000000000000000000000000000000000000
10;HotelRoomBug;CheckIn;0x00000000000000000000000070997970c51812dc3a010c7d01b50e0d17dc79c80000000000000000000000000000000000000000000000000000000000000060000000000000000000000000000000000000000000000000000009184e72a0000000000000000000000000000000000000000000000000000000000000000028526f6f6d206265696e67207265736572766564206d6f6e657920776173207472616e736665726564000000000000000000000000000000000000000000000000
10;HotelRoomBug;CheckOut;0x00000000000000000000000070997970c51812dc3a010c7d01b50e0d17dc79c80000000000000000000000000000000000000000000000000000000000000060000000000000000000000000000000000000000000000000002386f26fc10000000000000000000000000000000000000000000000000000000000000000000e52656c656173696e6720526f6f6d000000000000000000000000000000000000
9;HotelRoomBug;CheckIn;0x00000000000000000000000070997970c51812dc3a010c7d01b50e0d17dc79c80000000000000000000000000000000000000000000000000000000000000060000000000000000000000000000000000000000000000000000009184e72a0000000000000000000000000000000000000000000000000000000000000000028526f6f6d206265696e67207265736572766564206d6f6e657920776173207472616e736665726564000000000000000000000000000000000000000000000000
9;HotelRoomBug;CheckOut;0x00000000000000000000000070997970c51812dc3a010c7d01b50e0d17dc79c80000000000000000000000000000000000000000000000000000000000000060000000000000000000000000000000000000000000000000002386f26fc10000000000000000000000000000000000000000000000000000000000000000000e52656c656173696e6720526f6f6d000000000000000000000000000000000000
8;HotelRoomBug;CheckIn;0x00000000000000000000000070997970c51812dc3a010c7d01b50e0d17dc79c80000000000000000000000000000000000000000000000000000000000000060000000000000000000000000000000000000000000000000000009184e72a0000000000000000000000000000000000000000000000000000000000000000028526f6f6d206265696e67207265736572766564206d6f6e657920776173207472616e736665726564000000000000000000000000000000000000000000000000
8;HotelRoomBug;CheckOut;0x00000000000000000000000070997970c51812dc3a010c7d01b50e0d17dc79c80000000000000000000000000000000000000000000000000000000000000060000000000000000000000000000000000000000000000000002386f26fc10000000000000000000000000000000000000000000000000000000000000000000e52656c656173696e6720526f6f6d000000000000000000000000000000000000
7;HotelRoomBug;CheckIn;0x00000000000000000000000070997970c51812dc3a010c7d01b50e0d17dc79c80000000000000000000000000000000000000000000000000000000000000060000000000000000000000000000000000000000000000000000009184e72a0000000000000000000000000000000000000000000000000000000000000000028526f6f6d206265696e67207265736572766564206d6f6e657920776173207472616e736665726564000000000000000000000000000000000000000000000000
7;HotelRoomBug;CheckOut;0x00000000000000000000000070997970c51812dc3a010c7d01b50e0d17dc79c80000000000000000000000000000000000000000000000000000000000000060000000000000000000000000000000000000000000000000002386f26fc10000000000000000000000000000000000000000000000000000000000000000000e52656c656173696e6720526f6f6d000000000000000000000000000000000000
6;HotelRoomBug;CheckIn;0x00000000000000000000000070997970c51812dc3a010c7d01b50e0d17dc79c80000000000000000000000000000000000000000000000000000000000000060000000000000000000000000000000000000000000000000000009184e72a0000000000000000000000000000000000000000000000000000000000000000028526f6f6d206265696e67207265736572766564206d6f6e657920776173207472616e736665726564000000000000000000000000000000000000000000000000
6;HotelRoomBug;CheckOut;0x00000000000000000000000070997970c51812dc3a010c7d01b50e0d17dc79c80000000000000000000000000000000000000000000000000000000000000060000000000000000000000000000000000000000000000000002386f26fc10000000000000000000000000000000000000000000000000000000000000000000e52656c656173696e6720526f6f6d000000000000000000000000000000000000
5;HotelRoomBug;CheckIn;0x00000000000000000000000070997970c51812dc3a010c7d01b50e0d17dc79c80000000000000000000000000000000000000000000000000000000000000060000000000000000000000000000000000000000000000000000009184e72a0000000000000000000000000000000000000000000000000000000000000000028526f6f6d206265696e67207265736572766564206d6f6e657920776173207472616e736665726564000000000000000000000000000000000000000000000000
5;HotelRoomBug;CheckOut;0x00000000000000000000000070997970c51812dc3a010c7d01b50e0d17dc79c80000000000000000000000000000000000000000000000000000000000000060000000000000000000000000000000000000000000000000002386f26fc10000000000000000000000000000000000000000000000000000000000000000000e52656c656173696e6720526f6f6d000000000000000000000000000000000000
4;HotelRoomBug;CheckIn;0x00000000000000000000000070997970c51812dc3a010c7d01b50e0d17dc79c80000000000000000000000000000000000000000000000000000000000000060000000000000000000000000000000000000000000000000000009184e72a0000000000000000000000000000000000000000000000000000000000000000028526f6f6d206265696e67207265736572766564206d6f6e657920776173207472616e736665726564000000000000000000000000000000000000000000000000
4;HotelRoomBug;CheckOut;0x00000000000000000000000070997970c51812dc3a010c7d01b50e0d17dc79c80000000000000000000000000000000000000000000000000000000000000060000000000000000000000000000000000000000000000000002386f26fc10000000000000000000000000000000000000000000000000000000000000000000e52656c656173696e6720526f6f6d000000000000000000000000000000000000
3;HotelRoomBug;CheckIn;0x00000000000000000000000070997970c51812dc3a010c7d01b50e0d17dc79c80000000000000000000000000000000000000000000000000000000000000060000000000000000000000000000000000000000000000000000009184e72a0000000000000000000000000000000000000000000000000000000000000000028526f6f6d206265696e67207265736572766564206d6f6e657920776173207472616e736665726564000000000000000000000000000000000000000000000000
3;HotelRoomBug;CheckOut;0x00000000000000000000000070997970c51812dc3a010c7d01b50e0d17dc79c80000000000000000000000000000000000000000000000000000000000000060000000000000000000000000000000000000000000000000002386f26fc10000000000000000000000000000000000000000000000000000000000000000000e52656c656173696e6720526f6f6d000000000000000000000000000000000000
2;HotelRoomBug;CheckIn;0x00000000000000000000000070997970c51812dc3a010c7d01b50e0d17dc79c80000000000000000000000000000000000000000000000000000000000000060000000000000000000000000000000000000000000000000000009184e72a0000000000000000000000000000000000000000000000000000000000000000028526f6f6d206265696e67207265736572766564206d6f6e657920776173207472616e736665726564000000000000000000000000000000000000000000000000
2;HotelRoomBug;CheckOut;0x00000000000000000000000070997970c51812dc3a010c7d01b50e0d17dc79c80000000000000000000000000000000000000000000000000000000000000060000000000000000000000000000000000000000000000000002386f26fc10000000000000000000000000000000000000000000000000000000000000000000e52656c656173696e6720526f6f6d000000000000000000000000000000000000
1;HotelRoomBug;CheckIn;0x00000000000000000000000070997970c51812dc3a010c7d01b50e0d17dc79c80000000000000000000000000000000000000000000000000000000000000060000000000000000000000000000000000000000000000000000009184e72a0000000000000000000000000000000000000000000000000000000000000000028526f6f6d206265696e67207265736572766564206d6f6e657920776173207472616e736665726564000000000000000000000000000000000000000000000000
1;HotelRoomBug;CheckOut;0x00000000000000000000000070997970c51812dc3a010c7d01b50e0d17dc79c80000000000000000000000000000000000000000000000000000000000000060000000000000000000000000000000000000000000000000002386f26fc10000000000000000000000000000000000000000000000000000000000000000000e52656c656173696e6720526f6f6d000000000000000000000000000000000000
