roundIndex;contract_name;storage_data
100;HotelRoomOrig;0x0000000000000000000000f39fd6e51aad88f6f4ce6ab8827279cfffb9226600
100;HotelRoomOrig;0x00000000000000000000000000000000000000000000000000024e4316759000
99;HotelRoomOrig;0x0000000000000000000000f39fd6e51aad88f6f4ce6ab8827279cfffb9226600
99;HotelRoomOrig;0x00000000000000000000000000000000000000000000000000029b91b143e000
98;HotelRoomOrig;0x0000000000000000000000f39fd6e51aad88f6f4ce6ab8827279cfffb9226600
98;HotelRoomOrig;0x00000000000000000000000000000000000000000000000000029b91b143e000
97;HotelRoomOrig;0x0000000000000000000000f39fd6e51aad88f6f4ce6ab8827279cfffb9226600
97;HotelRoomOrig;0x00000000000000000000000000000000000000000000000000029b91b143e000
96;HotelRoomOrig;0x0000000000000000000000f39fd6e51aad88f6f4ce6ab8827279cfffb9226600
96;HotelRoomOrig;0x00000000000000000000000000000000000000000000000000029b91b143e000
95;HotelRoomOrig;0x0000000000000000000000f39fd6e51aad88f6f4ce6ab8827279cfffb9226600
95;HotelRoomOrig;0x00000000000000000000000000000000000000000000000000029b91b143e000
94;HotelRoomOrig;0x0000000000000000000000f39fd6e51aad88f6f4ce6ab8827279cfffb9226600
94;HotelRoomOrig;0x00000000000000000000000000000000000000000000000000029b91b143e000
93;HotelRoomOrig;0x0000000000000000000000f39fd6e51aad88f6f4ce6ab8827279cfffb9226600
93;HotelRoomOrig;0x0000000000000000000000000000000000000000000000000001ceeecc30d000
92;HotelRoomOrig;0x0000000000000000000000f39fd6e51aad88f6f4ce6ab8827279cfffb9226600
92;HotelRoomOrig;0x00000000000000000000000000000000000000000000000000029b91b143e000
91;HotelRoomOrig;0x0000000000000000000000f39fd6e51aad88f6f4ce6ab8827279cfffb9226600
91;HotelRoomOrig;0x00000000000000000000000000000000000000000000000000029b91b143e000
90;HotelRoomOrig;0x0000000000000000000000f39fd6e51aad88f6f4ce6ab8827279cfffb9226600
90;HotelRoomOrig;0x000000000000000000000000000000000000000000000000000158b2d05eb000
89;HotelRoomOrig;0x0000000000000000000000f39fd6e51aad88f6f4ce6ab8827279cfffb9226600
89;HotelRoomOrig;0x000000000000000000000000000000000000000000000000000158b2d05eb000
88;HotelRoomOrig;0x0000000000000000000000f39fd6e51aad88f6f4ce6ab8827279cfffb9226600
88;HotelRoomOrig;0x00000000000000000000000000000000000000000000000000029b91b143e000
87;HotelRoomOrig;0x0000000000000000000000f39fd6e51aad88f6f4ce6ab8827279cfffb9226600
87;HotelRoomOrig;0x00000000000000000000000000000000000000000000000000029b91b143e000
86;HotelRoomOrig;0x0000000000000000000000f39fd6e51aad88f6f4ce6ab8827279cfffb9226600
86;HotelRoomOrig;0x00000000000000000000000000000000000000000000000000029b91b143e000
85;HotelRoomOrig;0x0000000000000000000000f39fd6e51aad88f6f4ce6ab8827279cfffb9226600
85;HotelRoomOrig;0x000000000000000000000000000000000000000000000000000229e1dcab1000
84;HotelRoomOrig;0x0000000000000000000000f39fd6e51aad88f6f4ce6ab8827279cfffb9226600
84;HotelRoomOrig;0x000000000000000000000000000000000000000000000000000217b13fc5d000
83;HotelRoomOrig;0x0000000000000000000000f39fd6e51aad88f6f4ce6ab8827279cfffb9226600
83;HotelRoomOrig;0x00000000000000000000000000000000000000000000000000029b91b143e000
82;HotelRoomOrig;0x0000000000000000000000f39fd6e51aad88f6f4ce6ab8827279cfffb9226600
82;HotelRoomOrig;0x00000000000000000000000000000000000000000000000000029b91b143e000
81;HotelRoomOrig;0x0000000000000000000000f39fd6e51aad88f6f4ce6ab8827279cfffb9226600
81;HotelRoomOrig;0x000000000000000000000000000000000000000000000000000141f60c402000
80;HotelRoomOrig;0x0000000000000000000000f39fd6e51aad88f6f4ce6ab8827279cfffb9226600
80;HotelRoomOrig;0x00000000000000000000000000000000000000000000000000029b91b143e000
79;HotelRoomOrig;0x0000000000000000000000f39fd6e51aad88f6f4ce6ab8827279cfffb9226600
79;HotelRoomOrig;0x00000000000000000000000000000000000000000000000000029b91b143e000
78;HotelRoomOrig;0x0000000000000000000000f39fd6e51aad88f6f4ce6ab8827279cfffb9226600
78;HotelRoomOrig;0x00000000000000000000000000000000000000000000000000029b91b143e000
77;HotelRoomOrig;0x0000000000000000000000f39fd6e51aad88f6f4ce6ab8827279cfffb9226600
77;HotelRoomOrig;0x00000000000000000000000000000000000000000000000000029b91b143e000
76;HotelRoomOrig;0x0000000000000000000000f39fd6e51aad88f6f4ce6ab8827279cfffb9226600
76;HotelRoomOrig;0x00000000000000000000000000000000000000000000000000029b91b143e000
75;HotelRoomOrig;0x0000000000000000000000f39fd6e51aad88f6f4ce6ab8827279cfffb9226600
75;HotelRoomOrig;0x00000000000000000000000000000000000000000000000000029b91b143e000
74;HotelRoomOrig;0x0000000000000000000000f39fd6e51aad88f6f4ce6ab8827279cfffb9226600
74;HotelRoomOrig;0x00000000000000000000000000000000000000000000000000026073b35ad000
73;HotelRoomOrig;0x0000000000000000000000f39fd6e51aad88f6f4ce6ab8827279cfffb9226600
73;HotelRoomOrig;0x00000000000000000000000000000000000000000000000000029b91b143e000
72;HotelRoomOrig;0x0000000000000000000000f39fd6e51aad88f6f4ce6ab8827279cfffb9226600
72;HotelRoomOrig;0x00000000000000000000000000000000000000000000000000029b91b143e000
71;HotelRoomOrig;0x0000000000000000000000f39fd6e51aad88f6f4ce6ab8827279cfffb9226600
71;HotelRoomOrig;0x00000000000000000000000000000000000000000000000000012220f9aef000
70;HotelRoomOrig;0x0000000000000000000000f39fd6e51aad88f6f4ce6ab8827279cfffb9226600
70;HotelRoomOrig;0x00000000000000000000000000000000000000000000000000017d140a293000
69;HotelRoomOrig;0x0000000000000000000000f39fd6e51aad88f6f4ce6ab8827279cfffb9226600
69;HotelRoomOrig;0x0000000000000000000000000000000000000000000000000001a6016b2d0000
68;HotelRoomOrig;0x0000000000000000000000f39fd6e51aad88f6f4ce6ab8827279cfffb9226600
68;HotelRoomOrig;0x00000000000000000000000000000000000000000000000000029b91b143e000
67;HotelRoomOrig;0x0000000000000000000000f39fd6e51aad88f6f4ce6ab8827279cfffb9226600
67;HotelRoomOrig;0x0000000000000000000000000000000000000000000000000001ea37b788b000
66;HotelRoomOrig;0x0000000000000000000000f39fd6e51aad88f6f4ce6ab8827279cfffb9226600
66;HotelRoomOrig;0x00000000000000000000000000000000000000000000000000029b91b143e000
65;HotelRoomOrig;0x0000000000000000000000f39fd6e51aad88f6f4ce6ab8827279cfffb9226600
65;HotelRoomOrig;0x00000000000000000000000000000000000000000000000000029b91b143e000
64;HotelRoomOrig;0x0000000000000000000000f39fd6e51aad88f6f4ce6ab8827279cfffb9226600
64;HotelRoomOrig;0x00000000000000000000000000000000000000000000000000015426a9256000
63;HotelRoomOrig;0x0000000000000000000000f39fd6e51aad88f6f4ce6ab8827279cfffb9226600
63;HotelRoomOrig;0x000000000000000000000000000000000000000000000000000173fbbbb69000
62;HotelRoomOrig;0x0000000000000000000000f39fd6e51aad88f6f4ce6ab8827279cfffb9226600
62;HotelRoomOrig;0x0000000000000000000000000000000000000000000000000001dc9341dcc000
61;HotelRoomOrig;0x0000000000000000000000f39fd6e51aad88f6f4ce6ab8827279cfffb9226600
61;HotelRoomOrig;0x00000000000000000000000000000000000000000000000000021c3d66ff2000
60;HotelRoomOrig;0x0000000000000000000000f39fd6e51aad88f6f4ce6ab8827279cfffb9226600
60;HotelRoomOrig;0x00000000000000000000000000000000000000000000000000016f6f947d4000
59;HotelRoomOrig;0x0000000000000000000000f39fd6e51aad88f6f4ce6ab8827279cfffb9226600
59;HotelRoomOrig;0x000000000000000000000000000000000000000000000000000297058a0a9000
58;HotelRoomOrig;0x0000000000000000000000f39fd6e51aad88f6f4ce6ab8827279cfffb9226600
58;HotelRoomOrig;0x00000000000000000000000000000000000000000000000000029b91b143e000
57;HotelRoomOrig;0x0000000000000000000000f39fd6e51aad88f6f4ce6ab8827279cfffb9226600
57;HotelRoomOrig;0x00000000000000000000000000000000000000000000000000029b91b143e000
56;HotelRoomOrig;0x0000000000000000000000f39fd6e51aad88f6f4ce6ab8827279cfffb9226600
56;HotelRoomOrig;0x00000000000000000000000000000000000000000000000000029b91b143e000
55;HotelRoomOrig;0x0000000000000000000000f39fd6e51aad88f6f4ce6ab8827279cfffb9226600
55;HotelRoomOrig;0x00000000000000000000000000000000000000000000000000029b91b143e000
54;HotelRoomOrig;0x0000000000000000000000f39fd6e51aad88f6f4ce6ab8827279cfffb9226600
54;HotelRoomOrig;0x000000000000000000000000000000000000000000000000000217b13fc5d000
53;HotelRoomOrig;0x0000000000000000000000f39fd6e51aad88f6f4ce6ab8827279cfffb9226600
53;HotelRoomOrig;0x0000000000000000000000000000000000000000000000000000f4a77171d000
52;HotelRoomOrig;0x0000000000000000000000f39fd6e51aad88f6f4ce6ab8827279cfffb9226600
52;HotelRoomOrig;0x0000000000000000000000000000000000000000000000000002409ea0c9a000
51;HotelRoomOrig;0x0000000000000000000000f39fd6e51aad88f6f4ce6ab8827279cfffb9226600
51;HotelRoomOrig;0x00000000000000000000000000000000000000000000000000029b91b143e000
50;HotelRoomOrig;0x0000000000000000000000f39fd6e51aad88f6f4ce6ab8827279cfffb9226600
50;HotelRoomOrig;0x0000000000000000000000000000000000000000000000000001e11f69161000
49;HotelRoomOrig;0x0000000000000000000000f39fd6e51aad88f6f4ce6ab8827279cfffb9226600
49;HotelRoomOrig;0x00000000000000000000000000000000000000000000000000014b0e5ab2c000
48;HotelRoomOrig;0x0000000000000000000000f39fd6e51aad88f6f4ce6ab8827279cfffb9226600
48;HotelRoomOrig;0x000000000000000000000000000000000000000000000000000284d4ed255000
47;HotelRoomOrig;0x0000000000000000000000f39fd6e51aad88f6f4ce6ab8827279cfffb9226600
47;HotelRoomOrig;0x00000000000000000000000000000000000000000000000000029b91b143e000
46;HotelRoomOrig;0x0000000000000000000000f39fd6e51aad88f6f4ce6ab8827279cfffb9226600
46;HotelRoomOrig;0x00000000000000000000000000000000000000000000000000011908ab3c5000
45;HotelRoomOrig;0x0000000000000000000000f39fd6e51aad88f6f4ce6ab8827279cfffb9226600
45;HotelRoomOrig;0x00000000000000000000000000000000000000000000000000021c3d66ff2000
44;HotelRoomOrig;0x0000000000000000000000f39fd6e51aad88f6f4ce6ab8827279cfffb9226600
44;HotelRoomOrig;0x000000000000000000000000000000000000000000000000000200f47ba74000
43;HotelRoomOrig;0x0000000000000000000000f39fd6e51aad88f6f4ce6ab8827279cfffb9226600
43;HotelRoomOrig;0x00000000000000000000000000000000000000000000000000029b91b143e000
42;HotelRoomOrig;0x0000000000000000000000f39fd6e51aad88f6f4ce6ab8827279cfffb9226600
42;HotelRoomOrig;0x0000000000000000000000000000000000000000000000000001c14a5684e000
41;HotelRoomOrig;0x0000000000000000000000f39fd6e51aad88f6f4ce6ab8827279cfffb9226600
41;HotelRoomOrig;0x00000000000000000000000000000000000000000000000000029b91b143e000
40;HotelRoomOrig;0x0000000000000000000000f39fd6e51aad88f6f4ce6ab8827279cfffb9226600
40;HotelRoomOrig;0x00000000000000000000000000000000000000000000000000012fc56f5ae000
39;HotelRoomOrig;0x0000000000000000000000f39fd6e51aad88f6f4ce6ab8827279cfffb9226600
39;HotelRoomOrig;0x00000000000000000000000000000000000000000000000000029b91b143e000
38;HotelRoomOrig;0x0000000000000000000000f39fd6e51aad88f6f4ce6ab8827279cfffb9226600
38;HotelRoomOrig;0x00000000000000000000000000000000000000000000000000029b91b143e000
37;HotelRoomOrig;0x0000000000000000000000f39fd6e51aad88f6f4ce6ab8827279cfffb9226600
37;HotelRoomOrig;0x000000000000000000000000000000000000000000000000000264ffda942000
36;HotelRoomOrig;0x0000000000000000000000f39fd6e51aad88f6f4ce6ab8827279cfffb9226600
36;HotelRoomOrig;0x00000000000000000000000000000000000000000000000000029b91b143e000
35;HotelRoomOrig;0x0000000000000000000000f39fd6e51aad88f6f4ce6ab8827279cfffb9226600
35;HotelRoomOrig;0x0000000000000000000000000000000000000000000000000001fc68546df000
34;HotelRoomOrig;0x0000000000000000000000f39fd6e51aad88f6f4ce6ab8827279cfffb9226600
34;HotelRoomOrig;0x00000000000000000000000000000000000000000000000000029b91b143e000
33;HotelRoomOrig;0x0000000000000000000000f39fd6e51aad88f6f4ce6ab8827279cfffb9226600
33;HotelRoomOrig;0x000000000000000000000000000000000000000000000000000173fbbbb69000
32;HotelRoomOrig;0x0000000000000000000000f39fd6e51aad88f6f4ce6ab8827279cfffb9226600
32;HotelRoomOrig;0x00000000000000000000000000000000000000000000000000028ded3b97f000
31;HotelRoomOrig;0x0000000000000000000000f39fd6e51aad88f6f4ce6ab8827279cfffb9226600
31;HotelRoomOrig;0x0000000000000000000000000000000000000000000000000000f01b4a388000
30;HotelRoomOrig;0x0000000000000000000000f39fd6e51aad88f6f4ce6ab8827279cfffb9226600
30;HotelRoomOrig;0x00000000000000000000000000000000000000000000000000023c1279905000
29;HotelRoomOrig;0x0000000000000000000000f39fd6e51aad88f6f4ce6ab8827279cfffb9226600
29;HotelRoomOrig;0x00000000000000000000000000000000000000000000000000029b91b143e000
28;HotelRoomOrig;0x0000000000000000000000f39fd6e51aad88f6f4ce6ab8827279cfffb9226600
28;HotelRoomOrig;0x000000000000000000000000000000000000000000000000000264ffda942000
27;HotelRoomOrig;0x0000000000000000000000f39fd6e51aad88f6f4ce6ab8827279cfffb9226600
27;HotelRoomOrig;0x00000000000000000000000000000000000000000000000000029b91b143e000
26;HotelRoomOrig;0x0000000000000000000000f39fd6e51aad88f6f4ce6ab8827279cfffb9226600
26;HotelRoomOrig;0x0000000000000000000000000000000000000000000000000001af19b99fa000
25;HotelRoomOrig;0x0000000000000000000000f39fd6e51aad88f6f4ce6ab8827279cfffb9226600
25;HotelRoomOrig;0x0000000000000000000000000000000000000000000000000001b3a5e0d8f000
24;HotelRoomOrig;0x0000000000000000000000f39fd6e51aad88f6f4ce6ab8827279cfffb9226600
24;HotelRoomOrig;0x00000000000000000000000000000000000000000000000000010ff05cc9b000
23;HotelRoomOrig;0x0000000000000000000000f39fd6e51aad88f6f4ce6ab8827279cfffb9226600
23;HotelRoomOrig;0x00000000000000000000000000000000000000000000000000029b91b143e000
22;HotelRoomOrig;0x0000000000000000000000f39fd6e51aad88f6f4ce6ab8827279cfffb9226600
22;HotelRoomOrig;0x000000000000000000000000000000000000000000000000000264ffda942000
21;HotelRoomOrig;0x0000000000000000000000f39fd6e51aad88f6f4ce6ab8827279cfffb9226600
21;HotelRoomOrig;0x0000000000000000000000000000000000000000000000000001fc68546df000
20;HotelRoomOrig;0x0000000000000000000000f39fd6e51aad88f6f4ce6ab8827279cfffb9226600
20;HotelRoomOrig;0x00000000000000000000000000000000000000000000000000028ded3b97f000
19;HotelRoomOrig;0x0000000000000000000000f39fd6e51aad88f6f4ce6ab8827279cfffb9226600
19;HotelRoomOrig;0x00000000000000000000000000000000000000000000000000029b91b143e000
18;HotelRoomOrig;0x0000000000000000000000f39fd6e51aad88f6f4ce6ab8827279cfffb9226600
18;HotelRoomOrig;0x0000000000000000000000000000000000000000000000000001468233797000
17;HotelRoomOrig;0x0000000000000000000000f39fd6e51aad88f6f4ce6ab8827279cfffb9226600
17;HotelRoomOrig;0x00000000000000000000000000000000000000000000000000029b91b143e000
16;HotelRoomOrig;0x0000000000000000000000f39fd6e51aad88f6f4ce6ab8827279cfffb9226600
16;HotelRoomOrig;0x00000000000000000000000000000000000000000000000000028961145ea000
15;HotelRoomOrig;0x0000000000000000000000f39fd6e51aad88f6f4ce6ab8827279cfffb9226600
15;HotelRoomOrig;0x00000000000000000000000000000000000000000000000000029b91b143e000
14;HotelRoomOrig;0x0000000000000000000000f39fd6e51aad88f6f4ce6ab8827279cfffb9226600
14;HotelRoomOrig;0x00000000000000000000000000000000000000000000000000016f6f947d4000
13;HotelRoomOrig;0x0000000000000000000000f39fd6e51aad88f6f4ce6ab8827279cfffb9226600
13;HotelRoomOrig;0x00000000000000000000000000000000000000000000000000029b91b143e000
12;HotelRoomOrig;0x0000000000000000000000f39fd6e51aad88f6f4ce6ab8827279cfffb9226600
12;HotelRoomOrig;0x0000000000000000000000000000000000000000000000000000f4a77171d000
11;HotelRoomOrig;0x0000000000000000000000f39fd6e51aad88f6f4ce6ab8827279cfffb9226600
11;HotelRoomOrig;0x00000000000000000000000000000000000000000000000000029b91b143e000
10;HotelRoomOrig;0x0000000000000000000000f39fd6e51aad88f6f4ce6ab8827279cfffb9226600
10;HotelRoomOrig;0x00000000000000000000000000000000000000000000000000029b91b143e000
9;HotelRoomOrig;0x0000000000000000000000f39fd6e51aad88f6f4ce6ab8827279cfffb9226600
9;HotelRoomOrig;0x00000000000000000000000000000000000000000000000000016f6f947d4000
8;HotelRoomOrig;0x0000000000000000000000f39fd6e51aad88f6f4ce6ab8827279cfffb9226600
8;HotelRoomOrig;0x0000000000000000000000000000000000000000000000000001bcbe2f4b9000
7;HotelRoomOrig;0x0000000000000000000000f39fd6e51aad88f6f4ce6ab8827279cfffb9226600
7;HotelRoomOrig;0x00000000000000000000000000000000000000000000000000012b3948219000
6;HotelRoomOrig;0x0000000000000000000000f39fd6e51aad88f6f4ce6ab8827279cfffb9226600
6;HotelRoomOrig;0x00000000000000000000000000000000000000000000000000018ab87fd52000
5;HotelRoomOrig;0x0000000000000000000000f39fd6e51aad88f6f4ce6ab8827279cfffb9226600
5;HotelRoomOrig;0x00000000000000000000000000000000000000000000000000029b91b143e000
4;HotelRoomOrig;0x0000000000000000000000f39fd6e51aad88f6f4ce6ab8827279cfffb9226600
4;HotelRoomOrig;0x0000000000000000000000000000000000000000000000000001dc9341dcc000
3;HotelRoomOrig;0x0000000000000000000000f39fd6e51aad88f6f4ce6ab8827279cfffb9226600
3;HotelRoomOrig;0x00000000000000000000000000000000000000000000000000016f6f947d4000
2;HotelRoomOrig;0x0000000000000000000000f39fd6e51aad88f6f4ce6ab8827279cfffb9226600
2;HotelRoomOrig;0x00000000000000000000000000000000000000000000000000029b91b143e000
1;HotelRoomOrig;0x0000000000000000000000f39fd6e51aad88f6f4ce6ab8827279cfffb9226600
1;HotelRoomOrig;0x00000000000000000000000000000000000000000000000000029b91b143e000
100;HotelRoomBug;0x000000000000000000000070997970c51812dc3a010c7d01b50e0d17dc79c800
100;HotelRoomBug;0x00000000000000000000000000000000000000000000000000024e4316759000
99;HotelRoomBug;0x000000000000000000000070997970c51812dc3a010c7d01b50e0d17dc79c800
99;HotelRoomBug;0x00000000000000000000000000000000000000000000000000029b91b143e000
98;HotelRoomBug;0x000000000000000000000070997970c51812dc3a010c7d01b50e0d17dc79c800
98;HotelRoomBug;0x00000000000000000000000000000000000000000000000000029b91b143e000
97;HotelRoomBug;0x000000000000000000000070997970c51812dc3a010c7d01b50e0d17dc79c800
97;HotelRoomBug;0x00000000000000000000000000000000000000000000000000029b91b143e000
96;HotelRoomBug;0x000000000000000000000070997970c51812dc3a010c7d01b50e0d17dc79c800
96;HotelRoomBug;0x00000000000000000000000000000000000000000000000000029b91b143e000
95;HotelRoomBug;0x000000000000000000000070997970c51812dc3a010c7d01b50e0d17dc79c800
95;HotelRoomBug;0x00000000000000000000000000000000000000000000000000029b91b143e000
94;HotelRoomBug;0x000000000000000000000070997970c51812dc3a010c7d01b50e0d17dc79c800
94;HotelRoomBug;0x00000000000000000000000000000000000000000000000000029b91b143e000
93;HotelRoomBug;0x000000000000000000000070997970c51812dc3a010c7d01b50e0d17dc79c800
93;HotelRoomBug;0x0000000000000000000000000000000000000000000000000001ceeecc30d000
92;HotelRoomBug;0x000000000000000000000070997970c51812dc3a010c7d01b50e0d17dc79c800
92;HotelRoomBug;0x00000000000000000000000000000000000000000000000000029b91b143e000
91;HotelRoomBug;0x000000000000000000000070997970c51812dc3a010c7d01b50e0d17dc79c800
91;HotelRoomBug;0x00000000000000000000000000000000000000000000000000029b91b143e000
90;HotelRoomBug;0x000000000000000000000070997970c51812dc3a010c7d01b50e0d17dc79c800
90;HotelRoomBug;0x000000000000000000000000000000000000000000000000000158b2d05eb000
89;HotelRoomBug;0x000000000000000000000070997970c51812dc3a010c7d01b50e0d17dc79c800
89;HotelRoomBug;0x000000000000000000000000000000000000000000000000000158b2d05eb000
88;HotelRoomBug;0x000000000000000000000070997970c51812dc3a010c7d01b50e0d17dc79c800
88;HotelRoomBug;0x00000000000000000000000000000000000000000000000000029b91b143e000
87;HotelRoomBug;0x000000000000000000000070997970c51812dc3a010c7d01b50e0d17dc79c800
87;HotelRoomBug;0x00000000000000000000000000000000000000000000000000029b91b143e000
86;HotelRoomBug;0x000000000000000000000070997970c51812dc3a010c7d01b50e0d17dc79c800
86;HotelRoomBug;0x00000000000000000000000000000000000000000000000000029b91b143e000
85;HotelRoomBug;0x000000000000000000000070997970c51812dc3a010c7d01b50e0d17dc79c800
85;HotelRoomBug;0x000000000000000000000000000000000000000000000000000229e1dcab1000
84;HotelRoomBug;0x000000000000000000000070997970c51812dc3a010c7d01b50e0d17dc79c800
84;HotelRoomBug;0x000000000000000000000000000000000000000000000000000217b13fc5d000
83;HotelRoomBug;0x000000000000000000000070997970c51812dc3a010c7d01b50e0d17dc79c800
83;HotelRoomBug;0x00000000000000000000000000000000000000000000000000029b91b143e000
82;HotelRoomBug;0x000000000000000000000070997970c51812dc3a010c7d01b50e0d17dc79c800
82;HotelRoomBug;0x00000000000000000000000000000000000000000000000000029b91b143e000
81;HotelRoomBug;0x000000000000000000000070997970c51812dc3a010c7d01b50e0d17dc79c800
81;HotelRoomBug;0x000000000000000000000000000000000000000000000000000141f60c402000
80;HotelRoomBug;0x000000000000000000000070997970c51812dc3a010c7d01b50e0d17dc79c800
80;HotelRoomBug;0x00000000000000000000000000000000000000000000000000029b91b143e000
79;HotelRoomBug;0x000000000000000000000070997970c51812dc3a010c7d01b50e0d17dc79c800
79;HotelRoomBug;0x00000000000000000000000000000000000000000000000000029b91b143e000
78;HotelRoomBug;0x000000000000000000000070997970c51812dc3a010c7d01b50e0d17dc79c800
78;HotelRoomBug;0x00000000000000000000000000000000000000000000000000029b91b143e000
77;HotelRoomBug;0x000000000000000000000070997970c51812dc3a010c7d01b50e0d17dc79c800
77;HotelRoomBug;0x00000000000000000000000000000000000000000000000000029b91b143e000
76;HotelRoomBug;0x000000000000000000000070997970c51812dc3a010c7d01b50e0d17dc79c800
76;HotelRoomBug;0x00000000000000000000000000000000000000000000000000029b91b143e000
75;HotelRoomBug;0x000000000000000000000070997970c51812dc3a010c7d01b50e0d17dc79c800
75;HotelRoomBug;0x00000000000000000000000000000000000000000000000000029b91b143e000
74;HotelRoomBug;0x000000000000000000000070997970c51812dc3a010c7d01b50e0d17dc79c800
74;HotelRoomBug;0x00000000000000000000000000000000000000000000000000026073b35ad000
73;HotelRoomBug;0x000000000000000000000070997970c51812dc3a010c7d01b50e0d17dc79c800
73;HotelRoomBug;0x00000000000000000000000000000000000000000000000000029b91b143e000
72;HotelRoomBug;0x000000000000000000000070997970c51812dc3a010c7d01b50e0d17dc79c800
72;HotelRoomBug;0x00000000000000000000000000000000000000000000000000029b91b143e000
71;HotelRoomBug;0x000000000000000000000070997970c51812dc3a010c7d01b50e0d17dc79c800
71;HotelRoomBug;0x00000000000000000000000000000000000000000000000000012220f9aef000
70;HotelRoomBug;0x000000000000000000000070997970c51812dc3a010c7d01b50e0d17dc79c800
70;HotelRoomBug;0x00000000000000000000000000000000000000000000000000017d140a293000
69;HotelRoomBug;0x000000000000000000000070997970c51812dc3a010c7d01b50e0d17dc79c800
69;HotelRoomBug;0x0000000000000000000000000000000000000000000000000001a6016b2d0000
68;HotelRoomBug;0x000000000000000000000070997970c51812dc3a010c7d01b50e0d17dc79c800
68;HotelRoomBug;0x00000000000000000000000000000000000000000000000000029b91b143e000
67;HotelRoomBug;0x000000000000000000000070997970c51812dc3a010c7d01b50e0d17dc79c800
67;HotelRoomBug;0x0000000000000000000000000000000000000000000000000001ea37b788b000
66;HotelRoomBug;0x000000000000000000000070997970c51812dc3a010c7d01b50e0d17dc79c800
66;HotelRoomBug;0x00000000000000000000000000000000000000000000000000029b91b143e000
65;HotelRoomBug;0x000000000000000000000070997970c51812dc3a010c7d01b50e0d17dc79c800
65;HotelRoomBug;0x00000000000000000000000000000000000000000000000000029b91b143e000
64;HotelRoomBug;0x000000000000000000000070997970c51812dc3a010c7d01b50e0d17dc79c800
64;HotelRoomBug;0x00000000000000000000000000000000000000000000000000015426a9256000
63;HotelRoomBug;0x000000000000000000000070997970c51812dc3a010c7d01b50e0d17dc79c800
63;HotelRoomBug;0x000000000000000000000000000000000000000000000000000173fbbbb69000
62;HotelRoomBug;0x000000000000000000000070997970c51812dc3a010c7d01b50e0d17dc79c800
62;HotelRoomBug;0x0000000000000000000000000000000000000000000000000001dc9341dcc000
61;HotelRoomBug;0x000000000000000000000070997970c51812dc3a010c7d01b50e0d17dc79c800
61;HotelRoomBug;0x00000000000000000000000000000000000000000000000000021c3d66ff2000
60;HotelRoomBug;0x000000000000000000000070997970c51812dc3a010c7d01b50e0d17dc79c800
60;HotelRoomBug;0x00000000000000000000000000000000000000000000000000016f6f947d4000
59;HotelRoomBug;0x000000000000000000000070997970c51812dc3a010c7d01b50e0d17dc79c800
59;HotelRoomBug;0x000000000000000000000000000000000000000000000000000297058a0a9000
58;HotelRoomBug;0x000000000000000000000070997970c51812dc3a010c7d01b50e0d17dc79c800
58;HotelRoomBug;0x00000000000000000000000000000000000000000000000000029b91b143e000
57;HotelRoomBug;0x000000000000000000000070997970c51812dc3a010c7d01b50e0d17dc79c800
57;HotelRoomBug;0x00000000000000000000000000000000000000000000000000029b91b143e000
56;HotelRoomBug;0x000000000000000000000070997970c51812dc3a010c7d01b50e0d17dc79c800
56;HotelRoomBug;0x00000000000000000000000000000000000000000000000000029b91b143e000
55;HotelRoomBug;0x000000000000000000000070997970c51812dc3a010c7d01b50e0d17dc79c800
55;HotelRoomBug;0x00000000000000000000000000000000000000000000000000029b91b143e000
54;HotelRoomBug;0x000000000000000000000070997970c51812dc3a010c7d01b50e0d17dc79c800
54;HotelRoomBug;0x000000000000000000000000000000000000000000000000000217b13fc5d000
53;HotelRoomBug;0x000000000000000000000070997970c51812dc3a010c7d01b50e0d17dc79c800
53;HotelRoomBug;0x0000000000000000000000000000000000000000000000000000f4a77171d000
52;HotelRoomBug;0x000000000000000000000070997970c51812dc3a010c7d01b50e0d17dc79c800
52;HotelRoomBug;0x0000000000000000000000000000000000000000000000000002409ea0c9a000
51;HotelRoomBug;0x000000000000000000000070997970c51812dc3a010c7d01b50e0d17dc79c800
51;HotelRoomBug;0x00000000000000000000000000000000000000000000000000029b91b143e000
50;HotelRoomBug;0x000000000000000000000070997970c51812dc3a010c7d01b50e0d17dc79c800
50;HotelRoomBug;0x0000000000000000000000000000000000000000000000000001e11f69161000
49;HotelRoomBug;0x000000000000000000000070997970c51812dc3a010c7d01b50e0d17dc79c800
49;HotelRoomBug;0x00000000000000000000000000000000000000000000000000014b0e5ab2c000
48;HotelRoomBug;0x000000000000000000000070997970c51812dc3a010c7d01b50e0d17dc79c800
48;HotelRoomBug;0x000000000000000000000000000000000000000000000000000284d4ed255000
47;HotelRoomBug;0x000000000000000000000070997970c51812dc3a010c7d01b50e0d17dc79c800
47;HotelRoomBug;0x00000000000000000000000000000000000000000000000000029b91b143e000
46;HotelRoomBug;0x000000000000000000000070997970c51812dc3a010c7d01b50e0d17dc79c800
46;HotelRoomBug;0x00000000000000000000000000000000000000000000000000011908ab3c5000
45;HotelRoomBug;0x000000000000000000000070997970c51812dc3a010c7d01b50e0d17dc79c800
45;HotelRoomBug;0x00000000000000000000000000000000000000000000000000021c3d66ff2000
44;HotelRoomBug;0x000000000000000000000070997970c51812dc3a010c7d01b50e0d17dc79c800
44;HotelRoomBug;0x000000000000000000000000000000000000000000000000000200f47ba74000
43;HotelRoomBug;0x000000000000000000000070997970c51812dc3a010c7d01b50e0d17dc79c800
43;HotelRoomBug;0x00000000000000000000000000000000000000000000000000029b91b143e000
42;HotelRoomBug;0x000000000000000000000070997970c51812dc3a010c7d01b50e0d17dc79c800
42;HotelRoomBug;0x0000000000000000000000000000000000000000000000000001c14a5684e000
41;HotelRoomBug;0x000000000000000000000070997970c51812dc3a010c7d01b50e0d17dc79c800
41;HotelRoomBug;0x00000000000000000000000000000000000000000000000000029b91b143e000
40;HotelRoomBug;0x000000000000000000000070997970c51812dc3a010c7d01b50e0d17dc79c800
40;HotelRoomBug;0x00000000000000000000000000000000000000000000000000012fc56f5ae000
39;HotelRoomBug;0x000000000000000000000070997970c51812dc3a010c7d01b50e0d17dc79c800
39;HotelRoomBug;0x00000000000000000000000000000000000000000000000000029b91b143e000
38;HotelRoomBug;0x000000000000000000000070997970c51812dc3a010c7d01b50e0d17dc79c800
38;HotelRoomBug;0x00000000000000000000000000000000000000000000000000029b91b143e000
37;HotelRoomBug;0x000000000000000000000070997970c51812dc3a010c7d01b50e0d17dc79c800
37;HotelRoomBug;0x000000000000000000000000000000000000000000000000000264ffda942000
36;HotelRoomBug;0x000000000000000000000070997970c51812dc3a010c7d01b50e0d17dc79c800
36;HotelRoomBug;0x00000000000000000000000000000000000000000000000000029b91b143e000
35;HotelRoomBug;0x000000000000000000000070997970c51812dc3a010c7d01b50e0d17dc79c800
35;HotelRoomBug;0x0000000000000000000000000000000000000000000000000001fc68546df000
34;HotelRoomBug;0x000000000000000000000070997970c51812dc3a010c7d01b50e0d17dc79c800
34;HotelRoomBug;0x00000000000000000000000000000000000000000000000000029b91b143e000
33;HotelRoomBug;0x000000000000000000000070997970c51812dc3a010c7d01b50e0d17dc79c800
33;HotelRoomBug;0x000000000000000000000000000000000000000000000000000173fbbbb69000
32;HotelRoomBug;0x000000000000000000000070997970c51812dc3a010c7d01b50e0d17dc79c800
32;HotelRoomBug;0x00000000000000000000000000000000000000000000000000028ded3b97f000
31;HotelRoomBug;0x000000000000000000000070997970c51812dc3a010c7d01b50e0d17dc79c800
31;HotelRoomBug;0x0000000000000000000000000000000000000000000000000000f01b4a388000
30;HotelRoomBug;0x000000000000000000000070997970c51812dc3a010c7d01b50e0d17dc79c800
30;HotelRoomBug;0x00000000000000000000000000000000000000000000000000023c1279905000
29;HotelRoomBug;0x000000000000000000000070997970c51812dc3a010c7d01b50e0d17dc79c800
29;HotelRoomBug;0x00000000000000000000000000000000000000000000000000029b91b143e000
28;HotelRoomBug;0x000000000000000000000070997970c51812dc3a010c7d01b50e0d17dc79c800
28;HotelRoomBug;0x000000000000000000000000000000000000000000000000000264ffda942000
27;HotelRoomBug;0x000000000000000000000070997970c51812dc3a010c7d01b50e0d17dc79c800
27;HotelRoomBug;0x00000000000000000000000000000000000000000000000000029b91b143e000
26;HotelRoomBug;0x000000000000000000000070997970c51812dc3a010c7d01b50e0d17dc79c800
26;HotelRoomBug;0x0000000000000000000000000000000000000000000000000001af19b99fa000
25;HotelRoomBug;0x000000000000000000000070997970c51812dc3a010c7d01b50e0d17dc79c800
25;HotelRoomBug;0x0000000000000000000000000000000000000000000000000001b3a5e0d8f000
24;HotelRoomBug;0x000000000000000000000070997970c51812dc3a010c7d01b50e0d17dc79c800
24;HotelRoomBug;0x00000000000000000000000000000000000000000000000000010ff05cc9b000
23;HotelRoomBug;0x000000000000000000000070997970c51812dc3a010c7d01b50e0d17dc79c800
23;HotelRoomBug;0x00000000000000000000000000000000000000000000000000029b91b143e000
22;HotelRoomBug;0x000000000000000000000070997970c51812dc3a010c7d01b50e0d17dc79c800
22;HotelRoomBug;0x000000000000000000000000000000000000000000000000000264ffda942000
21;HotelRoomBug;0x000000000000000000000070997970c51812dc3a010c7d01b50e0d17dc79c800
21;HotelRoomBug;0x0000000000000000000000000000000000000000000000000001fc68546df000
20;HotelRoomBug;0x000000000000000000000070997970c51812dc3a010c7d01b50e0d17dc79c800
20;HotelRoomBug;0x00000000000000000000000000000000000000000000000000028ded3b97f000
19;HotelRoomBug;0x000000000000000000000070997970c51812dc3a010c7d01b50e0d17dc79c800
19;HotelRoomBug;0x00000000000000000000000000000000000000000000000000029b91b143e000
18;HotelRoomBug;0x000000000000000000000070997970c51812dc3a010c7d01b50e0d17dc79c800
18;HotelRoomBug;0x0000000000000000000000000000000000000000000000000001468233797000
17;HotelRoomBug;0x000000000000000000000070997970c51812dc3a010c7d01b50e0d17dc79c800
17;HotelRoomBug;0x00000000000000000000000000000000000000000000000000029b91b143e000
16;HotelRoomBug;0x000000000000000000000070997970c51812dc3a010c7d01b50e0d17dc79c800
16;HotelRoomBug;0x00000000000000000000000000000000000000000000000000028961145ea000
15;HotelRoomBug;0x000000000000000000000070997970c51812dc3a010c7d01b50e0d17dc79c800
15;HotelRoomBug;0x00000000000000000000000000000000000000000000000000029b91b143e000
14;HotelRoomBug;0x000000000000000000000070997970c51812dc3a010c7d01b50e0d17dc79c800
14;HotelRoomBug;0x00000000000000000000000000000000000000000000000000016f6f947d4000
13;HotelRoomBug;0x000000000000000000000070997970c51812dc3a010c7d01b50e0d17dc79c800
13;HotelRoomBug;0x00000000000000000000000000000000000000000000000000029b91b143e000
12;HotelRoomBug;0x000000000000000000000070997970c51812dc3a010c7d01b50e0d17dc79c800
12;HotelRoomBug;0x0000000000000000000000000000000000000000000000000000f4a77171d000
11;HotelRoomBug;0x000000000000000000000070997970c51812dc3a010c7d01b50e0d17dc79c800
11;HotelRoomBug;0x00000000000000000000000000000000000000000000000000029b91b143e000
10;HotelRoomBug;0x000000000000000000000070997970c51812dc3a010c7d01b50e0d17dc79c800
10;HotelRoomBug;0x00000000000000000000000000000000000000000000000000029b91b143e000
9;HotelRoomBug;0x000000000000000000000070997970c51812dc3a010c7d01b50e0d17dc79c800
9;HotelRoomBug;0x00000000000000000000000000000000000000000000000000016f6f947d4000
8;HotelRoomBug;0x000000000000000000000070997970c51812dc3a010c7d01b50e0d17dc79c800
8;HotelRoomBug;0x0000000000000000000000000000000000000000000000000001bcbe2f4b9000
7;HotelRoomBug;0x000000000000000000000070997970c51812dc3a010c7d01b50e0d17dc79c800
7;HotelRoomBug;0x00000000000000000000000000000000000000000000000000012b3948219000
6;HotelRoomBug;0x000000000000000000000070997970c51812dc3a010c7d01b50e0d17dc79c800
6;HotelRoomBug;0x00000000000000000000000000000000000000000000000000018ab87fd52000
5;HotelRoomBug;0x000000000000000000000070997970c51812dc3a010c7d01b50e0d17dc79c800
5;HotelRoomBug;0x00000000000000000000000000000000000000000000000000029b91b143e000
4;HotelRoomBug;0x000000000000000000000070997970c51812dc3a010c7d01b50e0d17dc79c800
4;HotelRoomBug;0x0000000000000000000000000000000000000000000000000001dc9341dcc000
3;HotelRoomBug;0x000000000000000000000070997970c51812dc3a010c7d01b50e0d17dc79c800
3;HotelRoomBug;0x00000000000000000000000000000000000000000000000000016f6f947d4000
2;HotelRoomBug;0x000000000000000000000070997970c51812dc3a010c7d01b50e0d17dc79c800
2;HotelRoomBug;0x00000000000000000000000000000000000000000000000000029b91b143e000
1;HotelRoomBug;0x000000000000000000000070997970c51812dc3a010c7d01b50e0d17dc79c800
1;HotelRoomBug;0x00000000000000000000000000000000000000000000000000029b91b143e000
